station_id,time,PM2_5_DRY,PM10,o3,no2,so2,co,T2,U10,V10,PBLH,PSFC
1,2024-01-06_00:00:00,1.38717,6.71298,0.0266799,0.00572605,0.0121854,0.132725,270.05,3.76332,5.33774,0,98802.2
1,2024-01-06_01:00:00,17.4554,24.8994,0.0247111,0.00447841,0.0105551,0.134378,269.364,4.20459,6.62213,440.36,98881.1
1,2024-01-06_02:00:00,11.8649,21.4991,0.0235955,0.00333022,0.0097682,0.132021,268.921,5.36552,7.24186,468.076,98889.1
1,2024-01-06_03:00:00,63.6448,77.153,0.0227544,0.00310696,0.00931412,0.130516,268.731,8.11154,5.74804,756.752,98952.1
1,2024-01-06_04:00:00,176.574,186.71,0.0223832,0.00247167,0.00663957,0.133066,266.643,8.07038,3.9226,579.393,99070.2
1,2024-01-06_05:00:00,123.492,132.125,0.0218867,0.00237926,0.00579298,0.134548,264.73,8.34603,3.9311,435.616,99116.8
1,2024-01-06_06:00:00,68.7751,73.9024,0.0211555,0.00239736,0.00438774,0.137004,263.36,8.52585,3.52231,376.67,99173.9
1,2024-01-06_07:00:00,37.5506,40.3363,0.0208661,0.00256805,0.00350249,0.138276,262.477,7.91472,2.71139,380.046,99259.2
1,2024-01-06_08:00:00,18.4387,18.7794,0.0214731,0.00271697,0.00295146,0.138647,261.781,7.01727,1.97075,403.208,99351.8
1,2024-01-06_09:00:00,10.5393,11.1605,0.0223506,0.00282739,0.00271774,0.137755,260.923,6.31921,1.90509,347.614,99430.9
1,2024-01-06_10:00:00,8.90736,9.27853,0.022802,0.00294693,0.00264055,0.137732,259.645,5.36563,1.89474,313.399,99522.1
1,2024-01-06_11:00:00,10.244,10.5188,0.0229844,0.00291891,0.00261759,0.137574,258.856,4.95627,2.14397,296.787,99602.3
1,2024-01-06_12:00:00,14.0269,14.2436,0.0230421,0.0028391,0.00262471,0.137364,258.04,4.81585,2.23432,282.695,99653.8
1,2024-01-06_13:00:00,19.3979,19.5637,0.0230258,0.00278139,0.00263463,0.13742,256.606,4.43738,1.92746,220.036,99689.4
1,2024-01-06_14:00:00,23.7759,23.9051,0.0229956,0.0027332,0.00262265,0.138025,253.73,3.90673,1.57517,187.483,99729.1
1,2024-01-06_15:00:00,26.782,26.8875,0.0229846,0.00268691,0.00259254,0.139247,252.364,3.69025,1.26631,189.115,99781.1
1,2024-01-06_16:00:00,30.2714,30.3655,0.0230245,0.00265186,0.00255679,0.139833,252.03,3.55924,0.850838,147.255,99834.1
1,2024-01-06_17:00:00,33.7725,33.8641,0.0230637,0.00260806,0.00249339,0.14064,251.625,3.17406,0.558094,134.936,99893
1,2024-01-06_18:00:00,39.1896,39.2872,0.0234598,0.00249607,0.00242293,0.140416,250.915,2.99388,0.791324,94.0116,99946.9
1,2024-01-06_19:00:00,43.0742,43.1743,0.0237492,0.00237716,0.00232279,0.140264,249.317,2.93495,0.778731,71.0454,99989.9
1,2024-01-06_20:00:00,44.1717,44.2465,0.0237824,0.00229377,0.00220457,0.141262,248.58,2.69,0.789783,65.05,100039
1,2024-01-06_21:00:00,46.475,46.4976,0.0240232,0.00218982,0.00207739,0.142781,247.648,2.33183,1.15547,58.548,100081
1,2024-01-06_22:00:00,49.7312,49.8284,0.024435,0.00206611,0.00198214,0.144581,247.216,2.0383,0.94315,56.3955,100116
1,2024-01-06_23:00:00,52.9272,53.0226,0.0248075,0.00196087,0.00190765,0.142128,246.476,2.03709,0.437682,54.0701,100162
1,2024-01-07_00:00:00,54.9882,55.0791,0.0250926,0.00187419,0.00181226,0.144587,246.961,1.51237,0.0314401,72.5478,100217
2,2024-01-06_00:00:00,1.22514,5.61347,0.0269962,0.00577619,0.0121859,0.13292,270.035,3.76543,5.07908,0,98285.3
2,2024-01-06_01:00:00,15.9694,21.7648,0.0245047,0.00428976,0.0103227,0.135976,269.455,4.13419,5.13017,446.376,98361.4
2,2024-01-06_02:00:00,10.3595,17.4152,0.0235806,0.00327751,0.00941559,0.134255,269.129,4.89965,5.32208,477.707,98368.7
2,2024-01-06_03:00:00,54.2167,66.5262,0.0228309,0.00298231,0.00878846,0.13118,268.827,7.10961,4.50513,744.986,98413.9
2,2024-01-06_04:00:00,144.342,153.116,0.0219696,0.00246404,0.00624435,0.134487,266.983,8.01898,2.586,610.733,98512.2
2,2024-01-06_05:00:00,100.035,107.261,0.02152,0.0023523,0.00529353,0.13647,264.524,8.0594,2.44504,441.284,98580
2,2024-01-06_06:00:00,56.7335,61.0884,0.0207942,0.00244053,0.00413526,0.138454,263.056,7.93961,2.44085,358.186,98644.1
2,2024-01-06_07:00:00,32.9276,35.4701,0.020692,0.00259306,0.00343433,0.139348,262.028,7.85448,2.36958,318.148,98693.5
2,2024-01-06_08:00:00,16.3915,16.9243,0.0214918,0.00271066,0.00292798,0.138899,261.322,6.93684,1.70894,305.755,98790.9
2,2024-01-06_09:00:00,9.05563,9.62569,0.0223582,0.00282384,0.00269605,0.137989,260.531,6.62266,1.74197,261.095,98862.9
2,2024-01-06_10:00:00,7.70487,8.03235,0.0228619,0.00295045,0.00265809,0.137259,259.698,6.51886,1.79805,227.388,98935
2,2024-01-06_11:00:00,9.8292,10.0805,0.0232159,0.00291973,0.00268869,0.136647,259.064,5.85568,1.80115,222.725,99021
2,2024-01-06_12:00:00,15.0329,15.2435,0.023383,0.0028307,0.00272021,0.136395,258.351,5.27692,1.66643,219.54,99084.2
2,2024-01-06_13:00:00,20.9578,21.1302,0.02333,0.00277607,0.0027125,0.136601,257.49,4.96924,1.4322,207.35,99125.7
2,2024-01-06_14:00:00,25.231,25.3689,0.0231749,0.00274093,0.00267745,0.137048,256.661,4.77387,1.22938,185.038,99166.5
2,2024-01-06_15:00:00,28.3829,28.4981,0.0231316,0.00268866,0.00262842,0.137384,255.748,4.33858,0.908838,165.635,99227
2,2024-01-06_16:00:00,31.6526,31.757,0.0231993,0.00263876,0.00256765,0.137433,255.088,4.2875,0.501435,150.737,99282.5
2,2024-01-06_17:00:00,37.5097,37.6193,0.023705,0.00252418,0.00252167,0.136561,254.51,4.36285,0.438559,139.708,99336.5
2,2024-01-06_18:00:00,43.8423,43.9622,0.0244555,0.00234781,0.00246589,0.135202,254.03,4.22542,0.26329,129.781,99389.9
2,2024-01-06_19:00:00,46.6429,46.7608,0.0249804,0.00218859,0.0023666,0.134194,253.104,3.78697,0.410721,105.555,99431.9
2,2024-01-06_20:00:00,47.1597,47.2519,0.0250651,0.00209197,0.00226874,0.134059,250.093,3.10735,0.680907,60.5064,99480.7
2,2024-01-06_21:00:00,48.6138,48.6365,0.0251558,0.00201297,0.00216843,0.133766,248.736,3.05056,1.00007,56.6108,99521.2
2,2024-01-06_22:00:00,50.1096,50.2004,0.0254137,0.00190783,0.00209177,0.132991,248.287,3.09711,0.920857,54.8393,99552.6
2,2024-01-06_23:00:00,52.5053,52.5968,0.0257497,0.00180596,0.00202774,0.132176,247.887,3.07267,0.477287,54.2988,99607.1
2,2024-01-07_00:00:00,55.0044,55.0901,0.0263999,0.00166924,0.00203506,0.130835,247.206,3.13668,-0.0958257,54.6881,99656.8
3,2024-01-06_00:00:00,1.6058,7.77865,0.0273261,0.00553576,0.0117737,0.132808,270.046,3.87925,5.26455,0,99153
3,2024-01-06_01:00:00,16.1286,23.0868,0.024967,0.00414571,0.0101239,0.131057,269.652,4.46705,5.47668,448.524,99211.9
3,2024-01-06_02:00:00,12.2918,22.1182,0.0238457,0.00317897,0.00930691,0.130637,269.005,5.6302,6.06049,478.903,99215.5
3,2024-01-06_03:00:00,46.5062,60.0465,0.0233274,0.00296528,0.00881686,0.130702,268.861,7.75532,5.42079,768.485,99281.7
3,2024-01-06_04:00:00,191.586,202.803,0.02279,0.00247953,0.00696315,0.133111,266.701,8.28161,4.04753,580.79,99393.2
3,2024-01-06_05:00:00,146.387,156.308,0.0222997,0.00237881,0.00613788,0.134655,264.809,8.08931,4.2271,439.881,99455.9
3,2024-01-06_06:00:00,91.0715,97.7233,0.0217742,0.00236284,0.00486644,0.136583,263.548,7.3858,3.48615,432.709,99544.6
3,2024-01-06_07:00:00,52.467,56.2366,0.021201,0.00252589,0.003803,0.138394,262.681,7.07729,2.47383,441.818,99626.1
3,2024-01-06_08:00:00,27.6914,28.3858,0.0214014,0.00270755,0.00308555,0.138992,261.966,6.48971,2.40938,433.68,99701
3,2024-01-06_09:00:00,16.4832,17.4821,0.0219833,0.00281598,0.0027132,0.138509,261.046,5.15428,2.72103,443.168,99781.4
3,2024-01-06_10:00:00,12.4484,13.0413,0.0223626,0.00291467,0.0025068,0.138077,259.517,4.19636,3.25475,332.871,99864.6
3,2024-01-06_11:00:00,10.9153,11.2942,0.0225382,0.00287929,0.00239762,0.137788,258.426,4.20564,3.54935,271.936,99943.9
3,2024-01-06_12:00:00,11.2757,11.52,0.0226178,0.0027966,0.00236004,0.137637,257.477,4.18134,3.30288,233.36,100004
3,2024-01-06_13:00:00,13.741,13.922,0.0226553,0.00273184,0.00234418,0.137482,256.344,3.63146,2.82075,256.989,100053
3,2024-01-06_14:00:00,16.8332,16.9689,0.0226799,0.00266277,0.00230628,0.137633,253.105,2.87254,2.34686,154.95,100099
3,2024-01-06_15:00:00,19.2936,19.3984,0.0226951,0.00259402,0.0022549,0.137401,251.709,2.45418,2.26263,150.538,100150
3,2024-01-06_16:00:00,21.7003,21.7871,0.02274,0.00252822,0.00221176,0.137809,251.118,2.39201,2.27423,151.616,100200
3,2024-01-06_17:00:00,25.2197,25.2983,0.0228372,0.00247921,0.00221191,0.138219,251.282,2.66695,2.05927,122.183,100262
3,2024-01-06_18:00:00,31.3991,31.4796,0.0230441,0.00245772,0.00229052,0.138125,250.802,3.22698,1.58725,87.6909,100313
3,2024-01-06_19:00:00,34.8967,34.9765,0.0232661,0.00237631,0.00224901,0.137719,249.425,3.13136,1.46365,73.7723,100357
3,2024-01-06_20:00:00,37.8774,37.9503,0.0234105,0.00228842,0.00217467,0.137071,248.335,2.49293,1.73079,71.1107,100409
3,2024-01-06_21:00:00,41.7807,41.7963,0.0236163,0.00221453,0.00210003,0.136598,247.875,2.7604,1.58936,65.7031,100451
3,2024-01-06_22:00:00,44.7691,44.8478,0.0238832,0.0021111,0.00197394,0.137744,247.081,2.63754,1.19959,57.6382,100481
3,2024-01-06_23:00:00,48.2378,48.3286,0.0242948,0.00199978,0.00190238,0.146246,246.639,2.31975,0.854056,56.0846,100534
3,2024-01-07_00:00:00,52.5502,52.6406,0.0248909,0.0018734,0.00188623,0.159509,247.025,2.02142,0.546343,55.7759,100586
4,2024-01-06_00:00:00,1.11806,5.10422,0.0265953,0.00588554,0.0124092,0.132855,270.038,3.6876,5.13016,0,98511.2
4,2024-01-06_01:00:00,15.663,20.362,0.0241149,0.00434478,0.0107632,0.130993,269.592,4.04973,5.69457,462.735,98590.4
4,2024-01-06_02:00:00,10.2157,17.7255,0.0232008,0.00320564,0.009369,0.130913,269.305,4.65473,5.83696,582.518,98598
4,2024-01-06_03:00:00,71.7576,83.5573,0.0225781,0.00295395,0.00867528,0.131761,268.917,8.46228,5.28418,768.701,98653.5
4,2024-01-06_04:00:00,134.724,143.059,0.0217254,0.00245007,0.00596289,0.134931,266.92,8.9946,2.84367,623.593,98774.5
4,2024-01-06_05:00:00,93.409,100.327,0.0214324,0.00233948,0.00518888,0.136528,264.485,8.47597,3.32828,436.663,98835.3
4,2024-01-06_06:00:00,55.7069,59.9815,0.020753,0.0024579,0.00409019,0.138437,263.114,7.77247,2.99317,378.825,98914.9
4,2024-01-06_07:00:00,32.931,35.4635,0.0207055,0.00259482,0.00339461,0.139338,262.184,8.16051,3.06167,336.686,98957.2
4,2024-01-06_08:00:00,15.6501,16.1942,0.0214081,0.00271378,0.0028737,0.139072,261.323,7.49246,2.60909,306.971,99032.6
4,2024-01-06_09:00:00,8.68318,9.22468,0.0221206,0.00285008,0.00265416,0.138375,260.502,6.27032,2.04622,302.628,99130.9
4,2024-01-06_10:00:00,7.43419,7.74806,0.0225409,0.00300265,0.00262155,0.137753,259.395,5.9229,1.99155,250.138,99209.6
4,2024-01-06_11:00:00,9.60618,9.8455,0.0228662,0.00298074,0.00265932,0.137178,258.833,6.16154,2.147,231.704,99275.5
4,2024-01-06_12:00:00,14.6092,14.8078,0.0230075,0.00289988,0.00269315,0.136968,258.044,5.97264,2.00747,200.844,99330.5
4,2024-01-06_13:00:00,20.0747,20.2348,0.022941,0.00284627,0.00269033,0.137227,256.667,5.38479,1.68071,169.87,99374.6
4,2024-01-06_14:00:00,23.8659,23.9937,0.0228276,0.00279957,0.00264746,0.137639,255.467,4.67534,1.46722,151.262,99424.7
4,2024-01-06_15:00:00,27.1405,27.2488,0.0228501,0.00273791,0.00260028,0.137833,253.352,4.18503,1.24311,139.302,99478
4,2024-01-06_16:00:00,30.3078,30.4064,0.0229328,0.00268196,0.00251766,0.13785,252.614,3.76712,0.993985,125.739,99534.6
4,2024-01-06_17:00:00,35.7447,35.8481,0.0233677,0.00256392,0.00246086,0.1371,252.061,3.32535,0.93416,109.908,99590.2
4,2024-01-06_18:00:00,41.5565,41.669,0.0239509,0.00241941,0.00239715,0.135996,250.599,2.98011,0.871227,88.7856,99642.8
4,2024-01-06_19:00:00,43.9533,44.065,0.0244012,0.00226993,0.00229804,0.135085,249.372,3.18846,0.914166,65.2926,99686.1
4,2024-01-06_20:00:00,44.9959,45.0813,0.0244742,0.00218078,0.00217279,0.134887,249.207,2.95351,1.04773,61.391,99733.8
4,2024-01-06_21:00:00,47.9166,47.9553,0.0246751,0.00208671,0.00205942,0.134395,248.562,2.70894,1.22361,58.0367,99777
4,2024-01-06_22:00:00,49.98,50.0793,0.0248816,0.00199733,0.00196007,0.133919,247.251,2.45829,1.25252,55.8827,99811.6
4,2024-01-06_23:00:00,53.5039,53.5999,0.0252929,0.00188853,0.00192138,0.132981,247.517,2.37279,0.843534,53.8547,99859
4,2024-01-07_00:00:00,54.8148,54.9053,0.0254698,0.00181101,0.00183357,0.132373,246.659,2.04601,0.406212,72.9111,99915.6
5,2024-01-06_00:00:00,1.7072,8.45635,0.0271863,0.00549442,0.0117596,0.132704,270.058,3.88218,5.38758,0,99273
5,2024-01-06_01:00:00,16.6729,24.8229,0.025168,0.0042571,0.0104838,0.131155,269.855,3.60968,5.64418,437.527,99353.5
5,2024-01-06_02:00:00,13.8379,24.4564,0.0238085,0.00318621,0.00942235,0.130473,269.626,4.54474,5.94745,477.66,99375.5
5,2024-01-06_03:00:00,54.9402,69.0297,0.0233312,0.00298118,0.00880243,0.130614,269.112,6.90152,4.95551,776.719,99438.8
5,2024-01-06_04:00:00,205.528,217.429,0.0229508,0.002492,0.00690656,0.132877,266.811,6.97724,3.30269,580.458,99567.2
5,2024-01-06_05:00:00,155.815,166.217,0.0224638,0.00238659,0.00605745,0.134429,264.854,6.53667,3.31995,454.901,99654.8
5,2024-01-06_06:00:00,99.7017,106.794,0.0219781,0.00236141,0.00489071,0.136257,263.563,5.82098,3.32489,427.099,99733.3
5,2024-01-06_07:00:00,59.9711,64.0989,0.0214416,0.00250965,0.00385846,0.138214,262.58,6.1682,3.32704,398.761,99777.5
5,2024-01-06_08:00:00,32.2406,34.0956,0.0215154,0.00264767,0.00308469,0.139087,261.808,6.2179,3.03698,341.048,99828.3
5,2024-01-06_09:00:00,18.5173,19.5612,0.0219646,0.0027788,0.0026927,0.138951,260.952,5.97116,2.80401,310.069,99886.6
5,2024-01-06_10:00:00,13.1921,13.776,0.0223615,0.00290631,0.00249163,0.138545,259.904,4.9683,2.56326,303.592,99977.8
5,2024-01-06_11:00:00,11.3787,11.7429,0.0225626,0.0028791,0.00240352,0.138273,258.899,4.3209,2.48269,291.279,100067
5,2024-01-06_12:00:00,11.9046,12.0348,0.0226628,0.00279741,0.00237415,0.138161,257.938,3.86316,2.17651,301.01,100133
5,2024-01-06_13:00:00,14.4864,14.6628,0.0226868,0.00272879,0.00233286,0.138203,256.838,3.533,1.80303,304.652,100176
5,2024-01-06_14:00:00,17.698,17.8277,0.0227173,0.00265487,0.00227495,0.138311,255.687,3.16889,1.6124,298.678,100217
5,2024-01-06_15:00:00,20.1135,20.2148,0.022738,0.00258441,0.00222833,0.13847,253.145,2.545,1.44592,235.676,100271
5,2024-01-06_16:00:00,23.0084,23.0929,0.0227986,0.002528,0.00222172,0.138541,252.681,2.3231,1.63884,250.656,100331
5,2024-01-06_17:00:00,26.7238,26.8011,0.0228811,0.00248762,0.00224135,0.138455,252.391,2.13264,1.70275,213.13,100387
5,2024-01-06_18:00:00,31.1497,31.2269,0.0230122,0.00245645,0.00224744,0.138227,253.425,2.45214,1.71581,177.31,100441
5,2024-01-06_19:00:00,36.486,36.5678,0.0232836,0.00237957,0.00222452,0.137764,251.226,2.77364,1.21162,77.764,100482
5,2024-01-06_20:00:00,40.4094,40.4919,0.0234875,0.00229631,0.00216289,0.137306,249.48,2.71593,1.0654,65.8448,100537
5,2024-01-06_21:00:00,44.3886,44.4528,0.0237567,0.00220704,0.00209352,0.136663,248.945,2.68997,1.14729,62.2568,100578
5,2024-01-06_22:00:00,48.0969,48.1848,0.024117,0.00210246,0.00195639,0.13578,247.531,2.60024,1.01357,56.9938,100609
5,2024-01-06_23:00:00,50.7872,50.875,0.0244281,0.00200993,0.00186905,0.135054,246.722,2.31173,0.85312,56.9145,100662
5,2024-01-07_00:00:00,52.8312,52.919,0.0246476,0.00192765,0.00179244,0.134324,246.666,1.91627,0.489298,57.0176,100713
6,2024-01-06_00:00:00,1.42894,6.7472,0.0272525,0.00563588,0.0119324,0.132884,270.037,3.84282,5.1603,0,98441.3
6,2024-01-06_01:00:00,16.5492,22.9804,0.0247824,0.0042374,0.01016,0.130997,269.429,4.81217,6.0653,449.779,98510.6
6,2024-01-06_02:00:00,11.0917,19.5316,0.0237872,0.00326591,0.00948244,0.131314,268.824,6.06781,6.75089,462.575,98507.1
6,2024-01-06_03:00:00,46.579,60.0169,0.0230931,0.00303719,0.00914715,0.135346,268.639,8.59638,6.31284,724.52,98565.3
6,2024-01-06_04:00:00,177.773,187.993,0.0224822,0.00247562,0.00673164,0.140892,266.429,8.79344,3.70477,554.532,98689.3
6,2024-01-06_05:00:00,126.772,135.495,0.0219155,0.00238677,0.00584401,0.141296,264.528,8.45306,3.39589,441.128,98767.7
6,2024-01-06_06:00:00,71.3514,76.6907,0.0212013,0.00240993,0.00447615,0.142849,263.161,8.52731,3.6378,372.512,98817.5
6,2024-01-06_07:00:00,38.4444,41.3263,0.0208112,0.00258354,0.00356143,0.143508,262.208,8.98729,3.53032,335.59,98862.8
6,2024-01-06_08:00:00,19.2295,19.8115,0.02145,0.00272411,0.0030002,0.143534,261.405,8.11459,2.89405,307.993,98953.4
6,2024-01-06_09:00:00,10.7225,11.3841,0.0223435,0.00282706,0.00273584,0.143949,260.611,6.82153,2.33764,287.585,99045.1
6,2024-01-06_10:00:00,8.7808,9.1651,0.0228502,0.00293145,0.00264591,0.145609,259.42,5.76271,2.34895,237.208,99123.8
6,2024-01-06_11:00:00,9.76664,10.0541,0.023018,0.00290242,0.00260342,0.148181,258.628,4.84158,2.67977,230.641,99203.9
6,2024-01-06_12:00:00,13.0097,13.2372,0.0230657,0.00281899,0.00258988,0.149525,257.717,4.55438,2.65137,213.857,99255.2
6,2024-01-06_13:00:00,18.0287,18.2061,0.0230579,0.00275507,0.00259376,0.150671,256.325,4.28371,2.32476,183.762,99295.7
6,2024-01-06_14:00:00,23.0918,23.2301,0.0230381,0.0027079,0.00259742,0.152039,255.232,4.19216,2.231,155.786,99339.2
6,2024-01-06_15:00:00,26.214,26.3258,0.0229923,0.00266678,0.00257827,0.15329,253.173,3.8643,1.93537,143.742,99396.5
6,2024-01-06_16:00:00,29.4452,29.5439,0.0230375,0.00262655,0.00254299,0.15129,251.978,3.57319,1.51964,136.657,99455.1
6,2024-01-06_17:00:00,33.7292,33.8263,0.0231988,0.00258009,0.00250127,0.147317,251.224,3.67296,1.23568,115.864,99503.9
6,2024-01-06_18:00:00,39.1722,39.2756,0.0236596,0.00245409,0.00243763,0.146443,250.412,3.68727,1.04942,88.4628,99555.6
6,2024-01-06_19:00:00,44.0404,44.1464,0.0241023,0.00231869,0.00236296,0.147333,249.822,3.63929,1.08541,61.6137,99597.6
6,2024-01-06_20:00:00,44.6883,44.7668,0.0240706,0.00223696,0.0022696,0.157123,249.089,2.9592,1.57789,60.3797,99645.4
6,2024-01-06_21:00:00,45.8006,45.817,0.0241964,0.00215091,0.00217202,0.167612,248.037,3.09952,1.6368,56.0238,99684.4
6,2024-01-06_22:00:00,50.8751,50.9639,0.0251428,0.00195748,0.00214407,0.16432,247.625,3.24993,1.24539,55.6835,99715.9
6,2024-01-06_23:00:00,55.4246,55.5172,0.0261434,0.00176105,0.00216599,0.141057,246.797,3.1238,0.719058,56.3015,99768.3
6,2024-01-07_00:00:00,55.1847,55.268,0.0265653,0.00164282,0.00210982,0.131115,246.779,2.91857,0.236488,56.477,99820.4
7,2024-01-06_00:00:00,1.15933,5.39589,0.0264786,0.00587762,0.0124214,0.132794,270.041,3.68736,5.21056,0,98713.3
7,2024-01-06_01:00:00,15.7437,19.7397,0.0240946,0.00434694,0.0110111,0.131002,269.715,3.63242,5.31016,473.385,98787.4
7,2024-01-06_02:00:00,10.6903,18.9079,0.0232199,0.00318914,0.00947712,0.13086,269.815,4.53335,5.69441,583.616,98790
7,2024-01-06_03:00:00,80.9919,92.7945,0.022571,0.0029472,0.0086549,0.131838,269.318,7.85429,4.84731,789.925,98851.8
7,2024-01-06_04:00:00,140.902,149.401,0.0218564,0.00244014,0.00601044,0.134898,267.406,7.79934,2.66167,656.317,98987.4
7,2024-01-06_05:00:00,93.3945,100.3,0.0214359,0.00235221,0.00519157,0.136586,265.311,7.69618,2.78253,509.725,99052.6
7,2024-01-06_06:00:00,55.2943,59.5268,0.0207613,0.00245632,0.00409354,0.138495,263.964,7.14128,2.77975,453.363,99121.7
7,2024-01-06_07:00:00,32.2594,34.7343,0.0207362,0.00260769,0.00339218,0.139369,263.026,6.93557,2.57076,391.782,99186.6
7,2024-01-06_08:00:00,15.3169,15.9973,0.0214862,0.0027217,0.00288722,0.13902,262.27,6.93851,2.42542,360.927,99248.6
7,2024-01-06_09:00:00,8.73874,9.26313,0.0222546,0.00284635,0.00268672,0.138209,261.532,6.49533,2.12965,342.275,99324.2
7,2024-01-06_10:00:00,7.72718,8.03895,0.0226878,0.00299184,0.00265891,0.137561,260.729,5.7046,1.81688,336.382,99417.7
7,2024-01-06_11:00:00,10.1925,10.4336,0.0230203,0.00296184,0.00269402,0.13697,260.06,5.36979,1.71886,321.166,99499.9
7,2024-01-06_12:00:00,15.4736,15.6729,0.0231439,0.00288163,0.00272734,0.136812,259.386,5.2933,1.61425,295.351,99556.8
7,2024-01-06_13:00:00,20.8948,21.0545,0.0230457,0.0028334,0.00271624,0.137131,258.566,5.2999,1.52949,272.793,99594
7,2024-01-06_14:00:00,24.6609,24.7878,0.0229049,0.00279214,0.00267525,0.137592,257.611,5.12944,1.492,253.815,99635.2
7,2024-01-06_15:00:00,28.196,28.3036,0.0229507,0.00272889,0.00262975,0.137776,256.916,4.68279,1.18891,254.205,99696.3
7,2024-01-06_16:00:00,31.6107,31.7101,0.0230492,0.00267957,0.00255673,0.137757,256.212,4.17957,0.726081,256.371,99752.4
7,2024-01-06_17:00:00,37.2688,37.3734,0.0235248,0.00255779,0.0024945,0.136927,255.494,3.69728,0.652292,249.748,99806.2
7,2024-01-06_18:00:00,42.8591,42.9717,0.0240837,0.00241031,0.00240449,0.13584,254.883,3.17037,0.788473,229.36,99859.6
7,2024-01-06_19:00:00,44.0844,44.1939,0.0243459,0.00228268,0.00228085,0.135271,254.175,2.87574,0.820308,197.691,99901.1
7,2024-01-06_20:00:00,45.1833,45.2688,0.0243661,0.00220417,0.00214753,0.135138,253.427,2.7761,0.939756,170.916,99948
7,2024-01-06_21:00:00,47.7794,47.8272,0.024593,0.00210363,0.00202529,0.134608,252.664,2.49912,1.10726,140.285,99991.3
7,2024-01-06_22:00:00,50.1937,50.2918,0.0248085,0.00201126,0.00192771,0.134087,252.022,2.25789,1.04979,119.019,100028
7,2024-01-06_23:00:00,53.3545,53.451,0.0251472,0.00191413,0.00187144,0.133264,251.536,2.12678,0.721496,90.5427,100078
7,2024-01-07_00:00:00,54.7343,54.8256,0.0253585,0.0018336,0.00178658,0.132592,251.094,1.78176,0.306071,81.7384,100133
8,2024-01-06_00:00:00,0.865575,3.73508,0.0261736,0.00605192,0.0127143,0.132809,270.032,3.55339,4.96195,0,98699.1
8,2024-01-06_01:00:00,14.8371,17.9121,0.023682,0.00455183,0.0110109,0.131022,269.565,3.98826,6.18329,446.813,98763.8
8,2024-01-06_02:00:00,9.27218,17.2158,0.0227575,0.00336837,0.0095846,0.130582,269.499,4.93917,6.4196,568.993,98770.7
8,2024-01-06_03:00:00,49.2085,61.4878,0.0220755,0.00323287,0.00920143,0.131014,268.743,8.18909,5.88905,687.525,98825.2
8,2024-01-06_04:00:00,117.185,125.376,0.0211384,0.00255999,0.0059105,0.134964,265.539,8.156,3.14974,473.283,98966.8
8,2024-01-06_05:00:00,92.2366,99.3945,0.021269,0.00241844,0.00526912,0.136021,263.731,7.3203,3.08759,379.62,99045.2
8,2024-01-06_06:00:00,56.6113,61.0484,0.0207333,0.00244398,0.00404916,0.138078,262.492,7.66466,3.41523,329.64,99103.1
8,2024-01-06_07:00:00,31.3934,33.899,0.020599,0.00256911,0.00325718,0.139339,261.635,8.33967,3.2122,296.641,99143.3
8,2024-01-06_08:00:00,13.5461,14.6643,0.0211672,0.00270228,0.00272755,0.13937,260.863,8.09226,2.75542,248.201,99211.1
8,2024-01-06_09:00:00,7.14683,7.63653,0.0217436,0.00286754,0.00250783,0.138861,259.811,6.97106,2.62729,224.495,99296.5
8,2024-01-06_10:00:00,6.2367,6.52238,0.0221198,0.00305258,0.00245976,0.13831,257.878,5.28937,2.57139,212.381,99397.7
8,2024-01-06_11:00:00,8.06898,8.28986,0.0223982,0.00305003,0.00247704,0.137792,257.949,5.10846,2.89558,254.431,99481.9
8,2024-01-06_12:00:00,12.2827,12.468,0.0225152,0.00297637,0.00250413,0.137622,257.101,5.27903,2.82299,225.346,99536.1
8,2024-01-06_13:00:00,17.3538,17.5038,0.0225059,0.00291812,0.00249648,0.137773,256.226,5.21551,2.70337,145.525,99571.8
8,2024-01-06_14:00:00,21.5454,21.6681,0.0225043,0.00285137,0.00245229,0.137974,254.427,4.5833,2.28003,120.084,99614.7
8,2024-01-06_15:00:00,25.0908,25.1971,0.0225896,0.00278031,0.00239585,0.138056,252.588,3.9918,1.91001,111.087,99682.4
8,2024-01-06_16:00:00,29.1703,29.27,0.0227622,0.0026979,0.00233412,0.137894,252.835,3.79153,1.43657,109.03,99745.7
8,2024-01-06_17:00:00,35.8991,36.0049,0.0231913,0.00258688,0.00227016,0.137197,253.284,4.09263,1.07267,104.168,99800.7
8,2024-01-06_18:00:00,43.3903,43.5081,0.0238705,0.00242601,0.00220323,0.135885,251.42,3.5888,0.717209,91.922,99855.5
8,2024-01-06_19:00:00,44.7001,44.8153,0.024256,0.00228139,0.00211405,0.135107,249.595,3.62641,1.17174,77.3425,99901
8,2024-01-06_20:00:00,45.5369,45.6336,0.0245857,0.00215073,0.00203697,0.134416,248.966,3.43051,1.76296,71.6111,99948.2
8,2024-01-06_21:00:00,48.2245,48.3258,0.0247262,0.00206821,0.00193513,0.13405,248.376,2.96768,2.08765,62.4515,99994.4
8,2024-01-06_22:00:00,51.8554,51.9534,0.0251989,0.00195001,0.001906,0.133022,247.002,3.09532,1.88738,61.0795,100027
8,2024-01-06_23:00:00,53.7066,53.8007,0.0255278,0.00184807,0.00187194,0.132265,247.07,2.70312,1.6648,58.5185,100083
8,2024-01-07_00:00:00,55.627,55.7181,0.0257918,0.00176615,0.0017817,0.131497,246.59,2.75932,0.812773,54.7875,100138
9,2024-01-06_00:00:00,1.17097,5.27642,0.0270222,0.00580273,0.0122232,0.132961,270.034,3.75853,5.01021,0,98443.6
9,2024-01-06_01:00:00,16.1185,21.7499,0.0244869,0.00433842,0.0103098,0.134539,269.455,4.38382,5.55014,445.619,98510.2
9,2024-01-06_02:00:00,10.2687,16.9427,0.023525,0.00330858,0.00937903,0.132751,269.034,5.11363,5.81775,474.71,98516.1
9,2024-01-06_03:00:00,51.1571,63.1767,0.0228264,0.00295339,0.00863829,0.131336,268.89,7.52378,4.76414,742.382,98563.3
9,2024-01-06_04:00:00,134.614,143.1,0.0217553,0.0024718,0.00612306,0.134612,267.06,9.07791,2.31672,609.035,98667.2
9,2024-01-06_05:00:00,99.0183,106.226,0.0214964,0.0023471,0.00527845,0.136401,264.542,8.80657,2.195,438.953,98752.5
9,2024-01-06_06:00:00,56.7591,61.1238,0.0207763,0.0024306,0.00411732,0.138396,263.05,9.18412,2.66164,347.771,98789.1
9,2024-01-06_07:00:00,33.6098,36.207,0.0206693,0.00257714,0.00342737,0.139323,262.098,8.6868,2.21649,344.595,98862.3
9,2024-01-06_08:00:00,16.7505,17.6247,0.0213669,0.00270861,0.00290267,0.139036,261.329,8.24189,1.85658,309.028,98946.6
9,2024-01-06_09:00:00,8.96504,9.54328,0.0221514,0.00283131,0.00266188,0.138275,260.519,7.94167,1.9824,238.443,99011.7
9,2024-01-06_10:00:00,7.42111,7.74733,0.0226154,0.00297845,0.00261957,0.137606,259.033,6.83896,1.77074,197.248,99102.6
9,2024-01-06_11:00:00,9.25381,9.4998,0.022945,0.00295875,0.00264469,0.137009,258.262,5.88435,1.58974,194.246,99192.6
9,2024-01-06_12:00:00,14.0971,14.3032,0.0231226,0.00287213,0.00267595,0.13671,257.86,5.62164,1.39331,251.868,99251.4
9,2024-01-06_13:00:00,19.6588,19.8268,0.0230576,0.00281709,0.00267094,0.136938,256.697,5.24646,1.12627,164.354,99292.3
9,2024-01-06_14:00:00,23.7811,23.9156,0.0229315,0.00277525,0.00263191,0.137345,255.066,4.69042,0.930727,145.653,99338.2
9,2024-01-06_15:00:00,26.9973,27.1103,0.0229071,0.0027185,0.00258822,0.137629,253.382,4.386,0.709785,132.923,99397.6
9,2024-01-06_16:00:00,30.185,30.2875,0.0229897,0.0026615,0.00252154,0.137667,253.328,4.57107,0.547849,109.708,99453.9
9,2024-01-06_17:00:00,36.2469,36.3556,0.0235361,0.00253495,0.00247923,0.136723,252.31,4.56115,0.41943,95.8593,99509.1
9,2024-01-06_18:00:00,42.3344,42.4531,0.0242059,0.00237484,0.00242548,0.135465,252.232,4.43712,0.235838,84.6806,99564.1
9,2024-01-06_19:00:00,45.0178,45.1342,0.0246985,0.00222091,0.00232571,0.134436,249.532,3.88056,0.370726,63.8943,99607.6
9,2024-01-06_20:00:00,45.7848,45.8745,0.0248225,0.00212007,0.00222872,0.134185,248.91,3.66511,0.670221,62.0624,99655.5
9,2024-01-06_21:00:00,48.2496,48.2912,0.025056,0.00202368,0.00214325,0.133809,248.171,3.57091,0.860161,58.6953,99693.6
9,2024-01-06_22:00:00,49.9546,50.0477,0.0252828,0.00192747,0.00205533,0.133238,247.324,3.58313,0.700925,56.428,99727.4
9,2024-01-06_23:00:00,52.6687,52.7615,0.025625,0.00181902,0.00200859,0.132356,247.236,3.46262,0.287533,55.2228,99783.2
9,2024-01-07_00:00:00,55.0667,55.1529,0.0263106,0.00167992,0.00202436,0.130854,246.492,3.60914,-0.311137,55.1042,99833.3
10,2024-01-06_00:00:00,1.1455,5.6114,0.0256993,0.00597717,0.0127371,0.132553,270.069,3.67768,5.36493,0,99625.2
10,2024-01-06_01:00:00,17.4882,22.9974,0.023708,0.00467231,0.0115037,0.131079,270.087,3.03126,5.00421,416.203,99709.2
10,2024-01-06_02:00:00,12.66,23.2374,0.022874,0.00350353,0.0103163,0.130178,270.021,4.00175,5.53604,458.363,99729.1
10,2024-01-06_03:00:00,99.3713,111.564,0.0222539,0.00308384,0.0086437,0.131684,269.436,7.56038,4.54405,713.313,99794
10,2024-01-06_04:00:00,149.488,158.608,0.0219379,0.0024607,0.00612296,0.134408,267.462,7.35748,2.51603,612.503,99922.8
10,2024-01-06_05:00:00,102.566,110.072,0.0216106,0.00234282,0.00525001,0.136051,265.507,7.2049,2.50656,509.247,100006
10,2024-01-06_06:00:00,61.5251,66.1685,0.0209976,0.00239189,0.00408772,0.138058,264.197,6.83428,2.20202,462.98,100079
10,2024-01-06_07:00:00,32.5382,34.988,0.0208113,0.00254401,0.00324824,0.139405,263.275,6.7035,1.64744,435.023,100146
10,2024-01-06_08:00:00,15.6379,16.7593,0.0214068,0.00267093,0.00275339,0.139336,262.55,6.45254,1.42457,411.796,100221
10,2024-01-06_09:00:00,9.21083,9.73551,0.0220444,0.00282638,0.00256262,0.138691,261.814,5.97177,1.38997,390.331,100293
10,2024-01-06_10:00:00,8.04815,8.36424,0.02244,0.00300497,0.00251933,0.138072,260.925,5.36786,1.40215,371.296,100374
10,2024-01-06_11:00:00,10.0734,10.3112,0.0227112,0.00299174,0.00253562,0.137574,260.04,4.85693,1.51405,359.743,100456
10,2024-01-06_12:00:00,14.228,14.4177,0.0227926,0.00291031,0.00254487,0.137525,259.242,4.62997,1.45706,349.352,100518
10,2024-01-06_13:00:00,18.4824,18.6277,0.0227171,0.00285414,0.00252708,0.137841,258.364,4.38667,1.22606,342.088,100562
10,2024-01-06_14:00:00,21.7495,21.8612,0.0226323,0.00280577,0.00248744,0.138229,257.492,4.02865,1.11323,334.046,100609
10,2024-01-06_15:00:00,24.6338,24.7249,0.0226229,0.00275527,0.00244377,0.138498,256.75,3.94335,0.872385,330.479,100669
10,2024-01-06_16:00:00,27.718,27.7988,0.0226488,0.00271339,0.00237839,0.138588,255.916,3.38636,-0.0292359,322.443,100727
10,2024-01-06_17:00:00,33.3095,33.3912,0.0228007,0.00264584,0.00232294,0.138352,255.223,3.23716,-0.43304,330.326,100788
10,2024-01-06_18:00:00,38.2215,38.3074,0.0231145,0.00253924,0.00224564,0.137799,254.417,3.72215,0.13152,286.686,100846
10,2024-01-06_19:00:00,41.768,41.8241,0.0232906,0.00243541,0.00214315,0.137413,253.555,2.86548,0.315313,240.65,100899
10,2024-01-06_20:00:00,44.4048,44.4911,0.0234651,0.00233439,0.00196837,0.136978,252.32,2.63876,0.207929,230.281,100948
10,2024-01-06_21:00:00,47.5606,47.6499,0.0237819,0.00223109,0.0018411,0.136261,251.4,2.42761,0.407644,184.754,100986
10,2024-01-06_22:00:00,50.6185,50.7072,0.0240168,0.00214862,0.001759,0.135622,250.566,2.07521,0.177276,161.486,101029
10,2024-01-06_23:00:00,54.0778,54.1671,0.0243832,0.00206368,0.00169113,0.134769,249.982,2.15596,-0.0432809,133.246,101079
10,2024-01-07_00:00:00,54.9797,55.0659,0.0245536,0.00198152,0.00157684,0.134093,249.362,1.90524,-0.256223,120.586,101132
11,2024-01-06_00:00:00,2.02364,10.7491,0.0265456,0.00536136,0.0118874,0.132307,270.125,4.04044,5.63998,0,99585.8
11,2024-01-06_01:00:00,14.6949,21.9986,0.0250713,0.0044051,0.0111065,0.131233,269.583,3.7521,5.66768,432.108,99677.8
11,2024-01-06_02:00:00,16.5087,18.4909,0.0239103,0.00305739,0.0091675,0.130269,269.164,4.69749,6.55706,472.287,99687.9
11,2024-01-06_03:00:00,83.5899,99.0091,0.0233664,0.00307572,0.00889575,0.130528,268.627,7.0604,4.45926,723.491,99748.5
11,2024-01-06_04:00:00,233.057,246.117,0.0234569,0.00245021,0.00700465,0.132547,266.243,6.86909,3.06895,524.18,99875.7
11,2024-01-06_05:00:00,162.953,173.736,0.0228715,0.00233624,0.00607145,0.134253,264.618,7.14685,3.78141,378.772,99942
11,2024-01-06_06:00:00,103.117,109.979,0.0223014,0.0022662,0.00488689,0.136312,263.397,7.32725,3.85605,367.426,100010
11,2024-01-06_07:00:00,60.6765,64.4532,0.0218776,0.00235687,0.00375669,0.138184,262.427,6.63538,3.61085,354.221,100095
11,2024-01-06_08:00:00,34.1853,36.0581,0.0220078,0.00245292,0.00298942,0.138987,261.727,6.4935,3.61858,333.163,100165
11,2024-01-06_09:00:00,20.8576,21.7985,0.0222848,0.00263935,0.00261481,0.138994,260.791,5.78976,3.38091,296.001,100240
11,2024-01-06_10:00:00,15.1654,15.7125,0.022536,0.00283468,0.00243955,0.138757,259.299,4.44699,2.96906,210.593,100330
11,2024-01-06_11:00:00,12.5828,12.9324,0.0227093,0.00283037,0.00235152,0.138528,258.329,3.91388,2.92287,198.351,100409
11,2024-01-06_12:00:00,12.0199,12.2562,0.0227703,0.00273717,0.00228531,0.138503,257.4,3.48668,2.80274,167.643,100461
11,2024-01-06_13:00:00,12.6498,12.8168,0.0227834,0.00264436,0.00219857,0.13864,256.486,3.2237,2.8017,143.046,100500
11,2024-01-06_14:00:00,13.9135,14.0325,0.022825,0.00255676,0.00213455,0.138802,255.804,3.18869,2.83575,135.911,100543
11,2024-01-06_15:00:00,16.1144,16.2049,0.0229138,0.00247818,0.0020841,0.138886,255.346,3.32715,2.54116,167.743,100596
11,2024-01-06_16:00:00,20.1211,20.1957,0.0230172,0.00244583,0.00209484,0.138885,254.875,3.73588,2.50352,137.289,100645
11,2024-01-06_17:00:00,24.6792,24.7477,0.0231113,0.00242016,0.00209926,0.138768,254.346,3.42174,2.13251,140.735,100704
11,2024-01-06_18:00:00,27.618,27.6846,0.0231381,0.00236633,0.00204989,0.138667,253.85,1.96678,1.36237,165.749,100768
11,2024-01-06_19:00:00,32.5523,32.6215,0.0232998,0.0023042,0.0020147,0.138324,253.653,2.59211,1.79045,136.749,100810
11,2024-01-06_20:00:00,36.6448,36.7142,0.0234499,0.00224534,0.00193497,0.137855,252.455,3.53406,1.4283,82.0536,100858
11,2024-01-06_21:00:00,42.914,42.9884,0.0237327,0.00220135,0.002044,0.136914,251.736,2.96081,1.07926,62.0077,100908
11,2024-01-06_22:00:00,48.0756,48.1553,0.0242172,0.00211378,0.00203529,0.135862,251.24,2.79487,0.304622,56.4818,100937
11,2024-01-06_23:00:00,54.2647,54.3496,0.0249963,0.00197495,0.00209017,0.134255,250.599,2.80444,-0.739499,56.8225,100982
11,2024-01-07_00:00:00,58.2876,58.3668,0.0254182,0.00186448,0.00199997,0.133241,249.764,2.36776,-1.08543,55.9467,101033
12,2024-01-06_00:00:00,1.02504,4.90373,0.0255961,0.00605905,0.0128456,0.132589,270.058,3.63537,5.29526,0,99320.5
12,2024-01-06_01:00:00,17.3821,21.4479,0.0235992,0.00472734,0.0114905,0.131096,269.957,3.15637,4.94142,462.932,99402.6
12,2024-01-06_02:00:00,12.2758,22.783,0.022786,0.00358807,0.010451,0.130053,269.662,4.09925,5.49713,529.6,99421.2
12,2024-01-06_03:00:00,89.8002,101.89,0.0221234,0.00313463,0.00868225,0.131601,268.836,6.96235,4.42207,747.623,99483.8
12,2024-01-06_04:00:00,135.625,144.4,0.0216729,0.00248773,0.00600363,0.134524,266.558,6.57212,2.36405,571.702,99613.9
12,2024-01-06_05:00:00,98.2796,105.56,0.0215458,0.00234791,0.00515045,0.136078,264.462,6.47094,2.65683,440.06,99690.5
12,2024-01-06_06:00:00,59.9017,64.4666,0.0209651,0.00239533,0.00402716,0.138036,263.187,6.40101,2.49275,375.508,99751.8
12,2024-01-06_07:00:00,31.8291,34.2565,0.0207777,0.00255156,0.00319932,0.139413,262.263,6.49882,2.10898,357.013,99810
12,2024-01-06_08:00:00,15.0858,16.1968,0.0212646,0.00268103,0.00269493,0.139511,261.39,6.27344,1.95544,299.267,99882
12,2024-01-06_09:00:00,8.58507,9.09078,0.0217966,0.00285818,0.00250585,0.139014,260.542,5.7337,1.85432,267.814,99961.4
12,2024-01-06_10:00:00,7.42386,7.72468,0.0221819,0.00304167,0.00246148,0.138398,259.413,5.02265,1.82281,240.661,100047
12,2024-01-06_11:00:00,9.35103,9.57827,0.0224675,0.00303046,0.00247808,0.13788,258.498,4.57327,1.87993,221.073,100130
12,2024-01-06_12:00:00,13.1834,13.3639,0.0225432,0.00295612,0.00249308,0.137811,257.566,4.40343,1.79056,204.155,100191
12,2024-01-06_13:00:00,16.9352,17.0746,0.0224633,0.00289745,0.00246172,0.138117,256.658,4.0418,1.59589,195.619,100237
12,2024-01-06_14:00:00,20.1243,20.232,0.0224047,0.00284055,0.00240729,0.138451,254.849,3.04023,1.2001,146.571,100289
12,2024-01-06_15:00:00,22.6923,22.7804,0.0224088,0.00277783,0.00235202,0.13868,251.817,2.76484,0.845248,142.28,100352
12,2024-01-06_16:00:00,25.7775,25.8558,0.0224494,0.0027213,0.00227354,0.138702,250.742,2.5007,0.454321,138.056,100409
12,2024-01-06_17:00:00,31.8198,31.9001,0.0226776,0.00264796,0.00225154,0.13841,251.044,2.66722,0.27466,97.3207,100469
12,2024-01-06_18:00:00,37.2311,37.3171,0.0230452,0.00253644,0.00216577,0.137761,251.817,2.57848,0.41964,66.9263,100525
12,2024-01-06_19:00:00,39.5663,39.6003,0.0231434,0.00244081,0.00203817,0.137552,249.574,2.25927,0.672515,62.1259,100573
12,2024-01-06_20:00:00,42.4738,42.5573,0.0232911,0.00234635,0.00188525,0.137131,247.995,2.20888,0.792659,57.902,100622
12,2024-01-06_21:00:00,47.0106,47.0995,0.0236663,0.00224897,0.00178741,0.136276,247.59,2.23494,0.904975,54.2471,100658
12,2024-01-06_22:00:00,48.806,48.8924,0.0238615,0.00217136,0.00168058,0.135694,246.558,1.93858,0.784039,53.1201,100703
12,2024-01-06_23:00:00,51.6181,51.704,0.0240651,0.00209349,0.0015948,0.135064,245.76,1.90452,0.500756,51.5123,100753
12,2024-01-07_00:00:00,53.7453,53.8308,0.0243317,0.00199522,0.00153495,0.134292,245.133,1.47649,0.0954255,66.6505,100805
13,2024-01-06_00:00:00,1.16405,5.47856,0.0263289,0.00589374,0.0124748,0.132744,270.044,3.6791,5.25834,0,98961.4
13,2024-01-06_01:00:00,16.0523,19.9572,0.02401,0.00439605,0.0112056,0.131009,269.884,3.49857,5.42817,481.323,99028.2
13,2024-01-06_02:00:00,11.1422,20.0019,0.0231572,0.00321949,0.00963646,0.130756,269.965,4.58391,5.97878,596.063,99030.6
13,2024-01-06_03:00:00,86.1558,98.1083,0.0224886,0.00299098,0.00873335,0.131806,269.443,7.71835,5.05793,789.026,99096.3
13,2024-01-06_04:00:00,143.319,151.928,0.0218887,0.00242875,0.00602117,0.134868,267.515,7.65773,2.93078,644.543,99229.6
13,2024-01-06_05:00:00,94.2216,101.171,0.0214539,0.00234019,0.00519063,0.136555,265.479,7.6137,2.83555,508.75,99301.1
13,2024-01-06_06:00:00,56.1117,60.3916,0.0207965,0.00245081,0.00409625,0.138459,264.131,7.10077,2.69966,459.874,99371.4
13,2024-01-06_07:00:00,32.2466,34.7045,0.0207544,0.00259594,0.00337307,0.139389,263.255,6.45275,2.3952,405.623,99448.7
13,2024-01-06_08:00:00,15.3361,16.1497,0.0214763,0.00272009,0.0028718,0.13909,262.48,6.37966,2.31607,373.564,99522.8
13,2024-01-06_09:00:00,8.83617,9.35768,0.0222332,0.00285132,0.00267692,0.138278,261.726,6.34392,2.30139,347.662,99589.4
13,2024-01-06_10:00:00,7.85504,8.16667,0.0226559,0.00299803,0.00265274,0.137648,260.879,5.98545,2.25243,327.346,99666.1
13,2024-01-06_11:00:00,10.3963,10.6368,0.0229945,0.00296721,0.00269009,0.137048,260.172,5.57798,2.12807,314.592,99747.3
13,2024-01-06_12:00:00,15.7441,15.9416,0.0231229,0.00288621,0.00272331,0.136892,259.49,5.26277,1.82591,297.084,99809.8
13,2024-01-06_13:00:00,21.0925,21.2499,0.0230293,0.00283607,0.00270777,0.137207,258.697,4.94888,1.44641,287.557,99858.8
13,2024-01-06_14:00:00,24.5907,24.7149,0.0228714,0.00279611,0.00265933,0.137697,257.771,4.68388,1.30651,277.774,99905
13,2024-01-06_15:00:00,27.7882,27.8923,0.0228702,0.00274017,0.00260818,0.137965,257.038,4.59978,1.24842,265.755,99958.2
13,2024-01-06_16:00:00,31.2098,31.306,0.0229724,0.00268822,0.00253411,0.13793,256.317,3.98543,0.682707,264.656,100019
13,2024-01-06_17:00:00,36.6783,36.7788,0.0233773,0.0025778,0.00246597,0.137226,255.584,3.46081,0.500013,261.438,100077
13,2024-01-06_18:00:00,42.2014,42.3088,0.0238687,0.00244123,0.00236765,0.136273,254.884,2.92541,0.737209,256.801,100128
13,2024-01-06_19:00:00,43.1343,43.2258,0.0240099,0.00233099,0.00223138,0.135955,254.109,2.65452,0.881027,219.292,100171
13,2024-01-06_20:00:00,44.9359,45.0181,0.024083,0.00224856,0.00210099,0.135723,253.303,2.46124,0.892869,192.351,100219
13,2024-01-06_21:00:00,47.8187,47.8853,0.0243546,0.00214252,0.00197974,0.135076,252.579,2.27634,1.1334,170.114,100260
13,2024-01-06_22:00:00,51.1626,51.2608,0.0246869,0.00203793,0.00190219,0.13432,251.948,2.15046,0.992465,132.17,100298
13,2024-01-06_23:00:00,54.2319,54.329,0.0250135,0.00194414,0.00183891,0.133524,251.471,1.89749,0.730809,111.748,100348
13,2024-01-07_00:00:00,55.6009,55.6929,0.0252382,0.00185905,0.00175035,0.132824,251.003,1.60305,0.3006,82.3245,100404
14,2024-01-06_00:00:00,1.56895,8.03682,0.0262242,0.00566832,0.0122747,0.132472,270.091,3.82742,5.52236,0,99467.3
14,2024-01-06_01:00:00,16.8145,18.7029,0.0243425,0.00446535,0.0106896,0.131107,269.55,3.75337,6.33159,433.071,99553.8
14,2024-01-06_02:00:00,14.4557,15.7734,0.0234874,0.00334209,0.00994122,0.130187,269.159,4.6192,6.72715,459.775,99566.7
14,2024-01-06_03:00:00,84.7526,98.9897,0.0228704,0.0031734,0.00934042,0.130871,268.401,8.06789,4.77351,666.479,99629.7
14,2024-01-06_04:00:00,205.288,217.055,0.0227107,0.00253095,0.00698805,0.133076,265.61,7.44089,3.32569,512.7,99756.5
14,2024-01-06_05:00:00,148.81,158.963,0.0223779,0.00237792,0.00602719,0.134472,263.896,6.76653,3.34764,391.622,99829.9
14,2024-01-06_06:00:00,95.5932,102.432,0.0219506,0.00230064,0.00477419,0.136308,262.73,5.80061,3.08255,351.795,99905.9
14,2024-01-06_07:00:00,54.9047,58.7009,0.0213968,0.00242077,0.0036635,0.138365,261.863,5.90643,2.89695,323.727,99961
14,2024-01-06_08:00:00,29.6316,31.5518,0.0214989,0.00256766,0.00292733,0.139147,261.101,4.99751,2.59594,302.745,100047
14,2024-01-06_09:00:00,17.6014,18.5826,0.0219556,0.00271735,0.00254545,0.138946,259.422,4.14709,2.65404,275.439,100128
14,2024-01-06_10:00:00,12.6708,13.2106,0.0223715,0.00288817,0.00238071,0.138491,257.059,4.18452,2.75354,220.78,100207
14,2024-01-06_11:00:00,11.0882,11.4246,0.0225774,0.00288625,0.002319,0.138232,256.144,4.25288,2.87334,169.567,100288
14,2024-01-06_12:00:00,11.9881,12.1162,0.0226525,0.00280723,0.0023017,0.138213,254.259,4.01645,2.60061,144.068,100346
14,2024-01-06_13:00:00,14.9861,15.1447,0.0227029,0.00273844,0.00230041,0.138278,252.755,3.96897,2.27348,127.358,100385
14,2024-01-06_14:00:00,19.0515,19.1677,0.0227784,0.00267059,0.00230977,0.138366,251.577,3.97603,2.05279,116.225,100427
14,2024-01-06_15:00:00,22.7152,22.8074,0.0228749,0.00260885,0.002312,0.138445,250.626,3.89173,1.78052,108.796,100478
14,2024-01-06_16:00:00,26.6752,26.7558,0.0229858,0.00255968,0.00233266,0.138417,250.306,3.51356,1.34683,101.222,100535
14,2024-01-06_17:00:00,30.1937,30.2701,0.0230637,0.00252372,0.00233895,0.138324,250.492,2.69521,0.467752,84.6918,100601
14,2024-01-06_18:00:00,34.1873,34.2636,0.0231784,0.00246697,0.0023166,0.138136,249.669,2.76747,0.690963,75.717,100659
14,2024-01-06_19:00:00,38.5954,38.6749,0.0234168,0.00238804,0.00228007,0.13762,249.544,2.877,0.995969,61.4928,100703
14,2024-01-06_20:00:00,41.7232,41.8029,0.0235549,0.0023087,0.00213586,0.137183,248.273,3.27502,0.574745,57.9484,100752
14,2024-01-06_21:00:00,44.7124,44.7925,0.0237696,0.00221124,0.00196677,0.136555,247.254,3.13175,0.395354,54.3109,100791
14,2024-01-06_22:00:00,47.3757,47.4555,0.0240686,0.00212359,0.00186512,0.135813,246.066,2.70733,0.0149316,52.8507,100832
14,2024-01-06_23:00:00,50.8828,50.9621,0.0244224,0.00204364,0.00178641,0.134989,245.489,2.58135,-0.2989,52.0271,100882
14,2024-01-07_00:00:00,53.3762,53.4556,0.0245619,0.00196801,0.00168328,0.134442,244.887,2.24706,-0.671486,67.6142,100932
15,2024-01-06_00:00:00,1.94463,10.2845,0.0264769,0.00541553,0.0119604,0.132331,270.121,4.00343,5.62633,0,99532.3
15,2024-01-06_01:00:00,15.4309,18.2158,0.0249261,0.00444587,0.0110088,0.131251,269.457,3.62006,5.61532,423.751,99623.6
15,2024-01-06_02:00:00,15.8193,17.345,0.0237638,0.00313167,0.00928926,0.130232,269.131,4.46412,6.17756,460.333,99637.1
15,2024-01-06_03:00:00,85.8339,101.056,0.0232625,0.00309546,0.00901638,0.130604,268.558,7.00839,4.36809,712.649,99697.6
15,2024-01-06_04:00:00,229.641,242.488,0.0232968,0.00247288,0.00702122,0.13263,265.628,7.06173,3.15986,514.363,99822.6
15,2024-01-06_05:00:00,162.288,173.043,0.0227949,0.00233518,0.00605581,0.134244,263.838,6.79727,3.72101,358.473,99886.5
15,2024-01-06_06:00:00,105.057,112.146,0.0223122,0.00226117,0.00489373,0.13613,262.633,6.22862,3.56782,316.366,99960.2
15,2024-01-06_07:00:00,63.1943,67.1972,0.0218623,0.00234988,0.00376926,0.138028,261.535,5.09977,3.1657,266.635,100045
15,2024-01-06_08:00:00,35.476,37.4742,0.0219369,0.00244575,0.00296738,0.13896,260.764,4.92905,3.04178,241.655,100117
15,2024-01-06_09:00:00,21.2563,22.2463,0.0222006,0.00263761,0.0025732,0.139024,259.232,4.36144,2.69157,217.277,100194
15,2024-01-06_10:00:00,15.0204,15.579,0.0224678,0.0028423,0.00241569,0.138776,255.599,3.68943,2.44965,190.573,100281
15,2024-01-06_11:00:00,12.3682,12.7211,0.0226515,0.00284315,0.00234628,0.138529,253.792,3.39894,2.4926,158.007,100358
15,2024-01-06_12:00:00,11.9484,12.1648,0.0227119,0.00275266,0.00228858,0.138485,252.617,3.08423,2.41154,141.701,100408
15,2024-01-06_13:00:00,12.6215,12.7891,0.0227213,0.00265732,0.00219252,0.138602,250.657,2.88828,2.46164,129.333,100443
15,2024-01-06_14:00:00,13.9335,14.0546,0.022755,0.00256674,0.00213303,0.138779,250.182,2.74223,2.47979,119.512,100481
15,2024-01-06_15:00:00,16.0397,16.1315,0.0228424,0.00248655,0.0020925,0.138879,249.457,2.87911,2.3598,109.381,100536
15,2024-01-06_16:00:00,19.5902,19.6652,0.022956,0.00243452,0.00208316,0.138878,249.237,3.16015,2.19579,97.8451,100590
15,2024-01-06_17:00:00,23.2162,23.2836,0.0230207,0.00237916,0.00205873,0.138784,248.181,2.53065,1.72759,87.9941,100655
15,2024-01-06_18:00:00,27.0486,27.115,0.0230995,0.00235243,0.00205344,0.138671,249.254,1.71384,1.63006,74.4456,100715
15,2024-01-06_19:00:00,31.8089,31.8772,0.0232581,0.00228985,0.00202038,0.138342,249.44,2.33641,1.79295,65.4124,100761
15,2024-01-06_20:00:00,40.453,40.5296,0.0237386,0.00225462,0.0021379,0.137256,248.954,3.33428,1.19646,56.4305,100803
15,2024-01-06_21:00:00,44.8106,44.8897,0.0238707,0.00220141,0.00213452,0.136643,248.5,2.85688,0.611781,55.492,100850
15,2024-01-06_22:00:00,48.095,48.1752,0.0241802,0.00211723,0.00207137,0.135924,246.844,2.37562,0.373048,76.7247,100886
15,2024-01-06_23:00:00,55.7884,55.8744,0.0252016,0.0019512,0.00212034,0.133886,246.472,2.55747,-0.564478,55.4822,100931
15,2024-01-07_00:00:00,60.3207,60.4003,0.0255967,0.00185914,0.00201571,0.132906,246.155,2.31651,-1.12611,54.7439,100979
16,2024-01-06_00:00:00,0.941707,4.35503,0.0256765,0.0060984,0.0128634,0.132664,270.044,3.59913,5.21192,0,99064.4
16,2024-01-06_01:00:00,17.0079,20.7387,0.0236089,0.00473534,0.0115354,0.131104,269.839,3.4806,5.00576,478.737,99133.5
16,2024-01-06_02:00:00,11.463,21.4671,0.0227762,0.00356533,0.010417,0.130126,269.751,4.50467,5.71222,536.211,99143.5
16,2024-01-06_03:00:00,76.796,88.8287,0.0220388,0.00317412,0.00901396,0.131451,269.061,6.79083,4.6297,738.296,99202.7
16,2024-01-06_04:00:00,128.115,136.681,0.0214663,0.00252004,0.00607377,0.134682,266.723,6.50167,2.42449,574.013,99341.8
16,2024-01-06_05:00:00,94.1035,101.206,0.0214505,0.00236426,0.0052093,0.136103,264.868,6.5611,2.68999,484.435,99419.7
16,2024-01-06_06:00:00,57.3475,61.7744,0.0208822,0.00241781,0.00406243,0.138105,263.543,7.033,2.88358,398.417,99466.6
16,2024-01-06_07:00:00,30.6457,33.0283,0.020738,0.0025544,0.00324434,0.139415,262.584,6.96863,2.79322,362.508,99526
16,2024-01-06_08:00:00,13.8511,14.9146,0.0212588,0.00268064,0.00273266,0.139481,261.899,6.19823,2.46117,348.463,99613.5
16,2024-01-06_09:00:00,7.9079,8.39271,0.0217443,0.00287484,0.00253214,0.139035,261.093,4.82559,2.12527,348.322,99714.3
16,2024-01-06_10:00:00,6.90852,7.19836,0.0220964,0.00305842,0.00248289,0.138477,260.095,3.90415,2.0129,338.548,99804.8
16,2024-01-06_11:00:00,8.70743,8.92788,0.022354,0.00305301,0.00249708,0.137995,259.237,3.69223,1.9378,326.002,99883.3
16,2024-01-06_12:00:00,12.3509,12.5279,0.0224239,0.00298058,0.00251029,0.137915,258.416,3.59515,1.74045,310.044,99940.8
16,2024-01-06_13:00:00,16.3238,16.4632,0.0223721,0.00291901,0.00249041,0.138145,257.601,3.54447,1.59593,284.548,99978.3
16,2024-01-06_14:00:00,19.4879,19.5974,0.0223156,0.00285771,0.00243841,0.138448,256.695,3.59309,1.5486,264.592,100014
16,2024-01-06_15:00:00,22.045,22.135,0.0223166,0.0027948,0.00236503,0.13869,255.883,3.57941,1.42047,246.091,100069
16,2024-01-06_16:00:00,25.7967,25.8782,0.0224305,0.00272226,0.00228431,0.138654,255.129,3.25135,0.990439,233.721,100132
16,2024-01-06_17:00:00,31.6433,31.729,0.0227494,0.00263294,0.00225521,0.138169,254.432,2.96562,0.694826,199.781,100194
16,2024-01-06_18:00:00,36.4114,36.5014,0.0231235,0.00251804,0.00214744,0.137457,253.512,2.31826,0.759589,191.898,100247
16,2024-01-06_19:00:00,38.3183,38.3559,0.023217,0.00242761,0.00203011,0.13727,252.577,2.21372,1.04567,176.799,100297
16,2024-01-06_20:00:00,40.7982,40.8784,0.0232653,0.00234218,0.00186882,0.137057,251.705,2.47541,1.08936,137.407,100346
16,2024-01-06_21:00:00,43.5283,43.6128,0.0235031,0.00225091,0.00175074,0.13643,250.926,2.27169,1.12334,126.633,100385
16,2024-01-06_22:00:00,45.3937,45.4784,0.0237225,0.0021715,0.00164709,0.135845,250.095,1.72101,1.0323,109.121,100431
16,2024-01-06_23:00:00,46.5709,46.652,0.0237633,0.00210261,0.0015397,0.135432,249.578,1.83522,0.694841,86.2179,100475
16,2024-01-07_00:00:00,49.6732,49.7546,0.0240074,0.00200804,0.00148945,0.134711,249.118,1.43848,0.283068,61.9432,100530
17,2024-01-06_00:00:00,1.26304,5.8858,0.0268787,0.00576958,0.0121964,0.132859,270.038,3.7564,5.16616,0,98231.4
17,2024-01-06_01:00:00,16.2616,22.141,0.0245426,0.00432438,0.0105252,0.13598,269.365,4.29713,5.31375,442.344,98308.3
17,2024-01-06_02:00:00,10.7231,18.3701,0.0235775,0.00327746,0.00955305,0.13414,269.046,5.10395,5.62365,476.4,98312.3
17,2024-01-06_03:00:00,60.5295,73.1302,0.0227907,0.00300787,0.00895474,0.131216,268.759,7.77142,4.83379,738.234,98356.2
17,2024-01-06_04:00:00,154.239,163.324,0.0220716,0.00246535,0.00633822,0.134394,266.881,8.22967,2.74008,602.023,98473.9
17,2024-01-06_05:00:00,102.716,110.093,0.0215657,0.00235916,0.00536057,0.136376,264.571,8.25082,2.57624,445.707,98533
17,2024-01-06_06:00:00,58.244,62.682,0.0208473,0.00244385,0.00417823,0.138393,263.111,7.9354,2.57589,361.988,98598.3
17,2024-01-06_07:00:00,33.2011,35.7424,0.0207288,0.00260454,0.00344418,0.139357,262.162,8.05085,2.45609,322.822,98652.6
17,2024-01-06_08:00:00,16.2704,16.8865,0.0215454,0.00271492,0.00293838,0.138897,261.402,7.47474,2.04757,306.229,98732.7
17,2024-01-06_09:00:00,9.26029,9.82511,0.0224094,0.00282414,0.00271613,0.137972,260.683,6.20887,1.56413,291.642,98829.1
17,2024-01-06_10:00:00,8.00723,8.339,0.0229103,0.00294815,0.00267398,0.137242,259.829,5.96429,1.49303,261.42,98903.9
17,2024-01-06_11:00:00,10.1915,10.4463,0.0232456,0.00291172,0.00270449,0.136636,259.153,5.84924,1.64907,236.341,98971
17,2024-01-06_12:00:00,15.4946,15.7057,0.023395,0.00282623,0.00273736,0.136439,258.441,5.46582,1.6632,227.603,99029
17,2024-01-06_13:00:00,21.6059,21.7773,0.0233649,0.00276816,0.00273296,0.136633,257.634,4.93714,1.47825,217.513,99077.3
17,2024-01-06_14:00:00,26.0533,26.1907,0.0232273,0.00273136,0.00270191,0.137086,256.617,4.38881,1.26962,205.057,99125.6
17,2024-01-06_15:00:00,29.1324,29.247,0.0231908,0.00268317,0.00265564,0.137392,255.862,4.07042,1.02846,184.333,99177.9
17,2024-01-06_16:00:00,32.5952,32.6992,0.0232664,0.00263342,0.00259791,0.137446,255.028,3.75951,0.557777,159.403,99232.4
17,2024-01-06_17:00:00,38.1849,38.2935,0.0237063,0.00252908,0.00254899,0.136754,254.511,3.63171,0.392711,143.958,99283.3
17,2024-01-06_18:00:00,44.1516,44.2692,0.0243886,0.00236517,0.00248137,0.1356,251.501,3.09564,0.297834,105.627,99333.1
17,2024-01-06_19:00:00,46.5655,46.6801,0.0248216,0.00221715,0.00237098,0.134776,250.06,3.18971,0.510961,84.9928,99374.6
17,2024-01-06_20:00:00,46.7788,46.868,0.0248155,0.00213615,0.00225291,0.13459,249.237,2.78049,0.736166,64.0892,99422.7
17,2024-01-06_21:00:00,47.889,47.9177,0.0248667,0.00206007,0.00214005,0.133928,248.588,2.48684,1.14254,56.0939,99466
17,2024-01-06_22:00:00,49.4524,49.5465,0.0250513,0.00196486,0.00204737,0.133437,247.561,2.42053,1.13309,53.9553,99496.5
17,2024-01-06_23:00:00,51.6141,51.7073,0.0253447,0.00186799,0.00195384,0.132848,246.85,2.41698,0.607753,53.3266,99548
17,2024-01-07_00:00:00,54.1252,54.2138,0.0258688,0.0017482,0.00192556,0.131885,246.533,2.32119,0.037313,53.2705,99600.9
18,2024-01-06_00:00:00,1.61879,7.76072,0.0275664,0.00550188,0.0116689,0.132879,270.04,3.92029,5.17365,0,99099.6
18,2024-01-06_01:00:00,15.4656,21.7803,0.0248669,0.00398075,0.00965158,0.130957,269.654,3.68459,4.7574,461.311,99164.3
18,2024-01-06_02:00:00,11.8667,21.2856,0.023916,0.00310078,0.00910302,0.130763,268.691,5.00683,5.4956,484.317,99156.2
18,2024-01-06_03:00:00,40.9117,54.2242,0.0235083,0.00288516,0.00867595,0.130665,268.894,8.12924,5.53942,750.458,99203.1
18,2024-01-06_04:00:00,192.09,203.395,0.0228451,0.00247946,0.00700725,0.133046,266.754,8.6231,3.92013,560.286,99322.2
18,2024-01-06_05:00:00,150.356,160.419,0.0223287,0.00238799,0.00617361,0.134571,264.874,7.77018,3.37571,446.05,99416.8
18,2024-01-06_06:00:00,93.2719,100.072,0.021794,0.00237909,0.00491003,0.136421,263.63,7.64331,2.99195,434.8,99494.9
18,2024-01-06_07:00:00,54.2681,58.1663,0.0211932,0.00253835,0.00384233,0.138316,262.675,7.65934,3.3998,396.242,99542.6
18,2024-01-06_08:00:00,29.0504,29.6337,0.0213708,0.0027147,0.00311443,0.139018,261.962,6.67302,3.77847,391.207,99627.7
18,2024-01-06_09:00:00,17.7796,18.8723,0.0218898,0.00281972,0.00272226,0.138685,260.929,5.03288,3.66271,338.923,99727.5
18,2024-01-06_10:00:00,12.7713,13.3915,0.0223035,0.00291579,0.00251908,0.138252,259.724,4.8906,3.63385,304.068,99809.7
18,2024-01-06_11:00:00,10.9488,11.3358,0.0225204,0.00288024,0.00242083,0.137961,258.714,4.90208,3.4758,260.084,99893.2
18,2024-01-06_12:00:00,11.2922,11.5571,0.0226118,0.00279713,0.00238488,0.137808,257.672,4.59438,3.1118,262.952,99950.7
18,2024-01-06_13:00:00,13.7071,13.8813,0.0226506,0.00273084,0.00235706,0.137842,256.247,3.84492,2.65456,220.665,99990
18,2024-01-06_14:00:00,16.8314,16.9711,0.022673,0.0026617,0.00231947,0.13782,254.366,3.16519,2.3183,150.235,100036
18,2024-01-06_15:00:00,19.5525,19.6605,0.0226935,0.00259609,0.00229056,0.13787,252.614,3.14845,2.37903,134.809,100096
18,2024-01-06_16:00:00,21.8009,21.8902,0.0227251,0.002538,0.00225543,0.138033,252.008,3.37318,2.0915,123.44,100149
18,2024-01-06_17:00:00,24.8442,24.9243,0.022804,0.00248508,0.00223347,0.138133,251.452,3.75477,1.55099,91.8459,100202
18,2024-01-06_18:00:00,30.5552,30.6356,0.0229886,0.00245435,0.00227915,0.139886,250.913,3.97712,1.23919,80.795,100251
18,2024-01-06_19:00:00,34.3767,34.4483,0.0232002,0.00237947,0.00225692,0.139392,249.136,3.27515,1.38158,70.3441,100300
18,2024-01-06_20:00:00,36.8554,36.9312,0.02336,0.00228525,0.00217177,0.137054,248.876,2.90262,1.64385,67.3965,100352
18,2024-01-06_21:00:00,41.3082,41.3244,0.0236178,0.00220802,0.00212187,0.136678,247.711,3.4052,1.44023,61.0817,100391
18,2024-01-06_22:00:00,45.0336,45.1029,0.0239206,0.00210434,0.00201745,0.1384,247.12,3.25772,1.01669,56.8887,100424
18,2024-01-06_23:00:00,48.5061,48.598,0.024378,0.00198582,0.00195012,0.149097,247.496,2.93374,0.538222,55.588,100475
18,2024-01-07_00:00:00,52.9799,53.0716,0.0250031,0.00185276,0.00194093,0.160757,247.089,2.48124,0.385184,56.361,100530
19,2024-01-06_00:00:00,1.52101,7.86385,0.0259528,0.00572236,0.012426,0.132412,270.108,3.82791,5.52867,0,99525.8
19,2024-01-06_01:00:00,16.9489,19.4322,0.0241059,0.00448519,0.0108781,0.131013,269.542,4.18196,6.50582,432.979,99600.7
19,2024-01-06_02:00:00,15.4327,17.1795,0.0233907,0.00341547,0.0101062,0.13009,269.263,5.24861,7.12802,449.46,99610.1
19,2024-01-06_03:00:00,96.4248,110.202,0.0228308,0.00313594,0.00914619,0.131094,268.334,7.96955,4.82755,657.747,99684.6
19,2024-01-06_04:00:00,202.641,214.302,0.0226285,0.00254266,0.00695322,0.133165,265.443,7.11984,3.55972,497.88,99813.9
19,2024-01-06_05:00:00,145.593,155.611,0.0223326,0.00237564,0.005974,0.134538,263.808,6.57226,3.58746,383.198,99882.2
19,2024-01-06_06:00:00,92.9895,99.6396,0.0218983,0.00228381,0.00470366,0.136426,262.664,5.78495,3.14859,340.772,99954.9
19,2024-01-06_07:00:00,52.6365,56.2886,0.0213509,0.00241714,0.00359697,0.138457,261.946,5.78767,2.84251,312.455,100018
19,2024-01-06_08:00:00,28.1259,29.9457,0.0214814,0.00253668,0.00287886,0.139183,260.964,5.32179,2.60957,277.829,100088
19,2024-01-06_09:00:00,16.3462,17.2485,0.0219753,0.00270297,0.00254055,0.138879,259.23,4.28931,2.36754,234.344,100176
19,2024-01-06_10:00:00,11.853,12.3523,0.0224314,0.00289471,0.00240886,0.138352,257.465,4.4467,2.66226,210.033,100258
19,2024-01-06_11:00:00,10.8463,11.1633,0.0226286,0.0028979,0.00235761,0.138097,256.364,4.6522,2.97676,173.614,100333
19,2024-01-06_12:00:00,12.2564,12.4642,0.0226778,0.00282093,0.00233824,0.138141,255.546,4.55645,3.02805,145.911,100391
19,2024-01-06_13:00:00,15.4168,15.5709,0.0227077,0.00275168,0.00233378,0.138251,254.243,4.05244,2.57068,131.551,100437
19,2024-01-06_14:00:00,19.3717,19.4855,0.022781,0.00268368,0.00233958,0.138363,251.995,3.7466,2.33058,121.239,100484
19,2024-01-06_15:00:00,23.0581,23.1488,0.0228741,0.00262003,0.00232948,0.138446,250.63,3.44328,2.03645,113.895,100546
19,2024-01-06_16:00:00,26.7456,26.825,0.0229837,0.00256799,0.0023306,0.138428,249.371,3.09732,1.49479,106.919,100600
19,2024-01-06_17:00:00,30.4143,30.4897,0.0230793,0.00252287,0.00231867,0.138328,250.546,2.62183,1.03869,91.618,100664
19,2024-01-06_18:00:00,34.4791,34.5546,0.0231993,0.00246316,0.00230065,0.138138,249.995,2.61595,0.893016,77.1162,100726
19,2024-01-06_19:00:00,39.0756,39.1547,0.0233976,0.00240067,0.00225881,0.137657,249.203,3.12603,1.06249,65.6423,100772
19,2024-01-06_20:00:00,42.7267,42.8063,0.0235969,0.0023084,0.00209062,0.137108,248.051,3.29077,0.79107,57.7939,100820
19,2024-01-06_21:00:00,45.4,45.4793,0.0238245,0.00221129,0.00192125,0.136455,246.921,2.69335,0.483187,55.5499,100865
19,2024-01-06_22:00:00,48.237,48.3165,0.0241054,0.00212727,0.00183472,0.135758,245.793,2.75533,0.286844,52.7886,100897
19,2024-01-06_23:00:00,51.0931,51.1714,0.024384,0.00205173,0.00175511,0.135048,245.324,2.56875,-0.252335,51.9267,100950
19,2024-01-07_00:00:00,53.9968,54.0734,0.0244035,0.00199777,0.00163683,0.134754,244.226,2.10817,-0.732552,67.4658,101002
20,2024-01-06_00:00:00,1.43209,7.19589,0.026178,0.00575702,0.0123727,0.13254,270.076,3.76836,5.46274,0,99688.3
20,2024-01-06_01:00:00,16.8581,22.2393,0.0241259,0.00441819,0.0111355,0.13094,270.115,3.33773,5.04964,446.082,99770.7
20,2024-01-06_02:00:00,13.7188,24.314,0.0233677,0.00330188,0.0100329,0.130344,270.094,4.05271,5.41707,503.045,99790.2
20,2024-01-06_03:00:00,96.4111,109.579,0.0226822,0.00306692,0.00910258,0.131355,269.593,6.84334,3.95326,759.965,99851.4
20,2024-01-06_04:00:00,185.236,195.951,0.0223936,0.00250212,0.00683222,0.13371,267.61,6.72307,2.81028,593.608,99968
20,2024-01-06_05:00:00,124.463,133.285,0.0219748,0.00237007,0.00584686,0.135305,265.753,6.59421,2.65023,486.695,100044
20,2024-01-06_06:00:00,74.0778,79.526,0.0213583,0.00234489,0.00449729,0.137464,264.513,6.6874,2.62404,441.981,100106
20,2024-01-06_07:00:00,39.564,42.4321,0.0210122,0.00249787,0.0035118,0.139111,263.67,6.34819,2.18569,391.871,100173
20,2024-01-06_08:00:00,19.3191,20.6345,0.0215521,0.0026572,0.00294216,0.139113,262.948,5.94991,1.8723,380.734,100258
20,2024-01-06_09:00:00,11.6268,12.2789,0.0223174,0.00277904,0.00270947,0.138292,262.163,5.54126,1.88139,366.638,100341
20,2024-01-06_10:00:00,9.76337,10.1585,0.0227251,0.00293426,0.0026142,0.137741,261.107,4.90423,1.87749,353.692,100434
20,2024-01-06_11:00:00,10.688,10.9698,0.0228676,0.0029216,0.00257166,0.137527,260.065,4.57034,1.95302,328.792,100516
20,2024-01-06_12:00:00,13.7502,13.8977,0.0228877,0.00284227,0.00255605,0.1376,259.216,4.43701,1.84564,306.476,100576
20,2024-01-06_13:00:00,18.4709,18.6258,0.0228984,0.00278486,0.00255612,0.137762,258.381,4.32919,1.61275,282.323,100621
20,2024-01-06_14:00:00,22.3012,22.4192,0.022894,0.00272802,0.00252201,0.13801,257.442,4.03629,1.45851,269.842,100667
20,2024-01-06_15:00:00,25.5435,25.64,0.0229408,0.00267407,0.00249395,0.138157,256.777,3.76927,1.15161,264.428,100725
20,2024-01-06_16:00:00,29.463,29.5503,0.0230864,0.0026315,0.00247275,0.138085,256.213,3.09355,0.610666,267.761,100784
20,2024-01-06_17:00:00,33.5779,33.6617,0.0231544,0.00258735,0.00243246,0.137994,255.297,2.66618,-0.0238938,276.78,100846
20,2024-01-06_18:00:00,38.1156,38.2036,0.0234003,0.00248949,0.00236416,0.137531,254.612,2.63925,0.371191,243.295,100900
20,2024-01-06_19:00:00,40.1377,40.1881,0.0234857,0.00239152,0.00226575,0.137336,253.684,2.35191,0.52721,202.188,100947
20,2024-01-06_20:00:00,43.862,43.9465,0.0236362,0.00231445,0.00213989,0.136942,252.815,2.52964,0.435143,162.793,100996
20,2024-01-06_21:00:00,47.2555,47.346,0.0240322,0.0021975,0.0019832,0.136027,252.129,2.07991,0.526863,129.438,101035
20,2024-01-06_22:00:00,46.4381,46.5227,0.0240626,0.00211454,0.00181926,0.135725,251.295,1.19635,0.27081,91.1246,101078
20,2024-01-06_23:00:00,48.0351,48.1169,0.0242717,0.00204183,0.00172441,0.135152,250.668,1.3368,0.00818163,80.7496,101129
20,2024-01-07_00:00:00,49.6295,49.7099,0.0244451,0.00197162,0.0016395,0.134579,250.177,1.36983,-0.452477,76.8945,101182
21,2024-01-06_00:00:00,2.20761,11.0765,0.0281802,0.00511049,0.0109408,0.132724,270.079,4.0784,5.34647,0,98290.7
21,2024-01-06_01:00:00,15.0356,23.807,0.0255314,0.00385527,0.00964879,0.130984,269.478,3.64708,5.13708,461.32,98375.3
21,2024-01-06_02:00:00,14.7995,24.681,0.0243237,0.00266828,0.0082393,0.130734,269.121,4.10566,5.43582,534.344,98386.5
21,2024-01-06_03:00:00,40.5564,55.9387,0.024445,0.00267723,0.00804681,0.130163,268.813,6.48524,4.33867,732.212,98433.4
21,2024-01-06_04:00:00,233.714,246.887,0.0239637,0.0023654,0.00666073,0.132396,266.896,7.6339,3.00914,581.631,98530.3
21,2024-01-06_05:00:00,168.786,179.114,0.0230099,0.00229094,0.00594241,0.13452,264.722,8.19847,3.07539,428.21,98584.8
21,2024-01-06_06:00:00,105.963,113.023,0.022263,0.00234883,0.00491825,0.136507,263.238,7.79958,2.70361,352.21,98647.9
21,2024-01-06_07:00:00,63.2296,67.2071,0.0217373,0.00247356,0.00387741,0.138319,262.176,7.47574,2.71661,332.957,98708.8
21,2024-01-06_08:00:00,36.7488,38.8096,0.0219404,0.00260958,0.00313521,0.138931,261.366,6.02072,2.37356,332.133,98814.6
21,2024-01-06_09:00:00,22.2403,23.287,0.0223881,0.00274196,0.00273576,0.138749,260.663,5.32584,1.96232,328.195,98892.4
21,2024-01-06_10:00:00,15.5151,16.0957,0.0227342,0.00285686,0.00257014,0.138425,259.864,4.67989,1.73689,308.347,98978.1
21,2024-01-06_11:00:00,12.9715,13.3374,0.0229332,0.00282446,0.00251304,0.138162,259.27,4.74891,1.71919,297,99042.3
21,2024-01-06_12:00:00,13.2849,13.5279,0.0230426,0.00273518,0.00248999,0.138045,258.534,4.4835,1.52315,289.068,99091.6
21,2024-01-06_13:00:00,15.5789,15.7506,0.0230809,0.00265085,0.00244176,0.138093,257.64,4.23082,1.2385,275.65,99126.5
21,2024-01-06_14:00:00,18.5199,18.6466,0.0231013,0.00257282,0.00237425,0.138231,256.905,4.18822,1.21386,214.435,99163.9
21,2024-01-06_15:00:00,21.3474,21.4468,0.0231378,0.00250362,0.00230691,0.138338,256.251,4.13817,1.04352,207.991,99216.1
21,2024-01-06_16:00:00,24.7075,24.7938,0.0232322,0.00244639,0.00226543,0.138267,255.658,3.95425,0.461373,178.786,99272.3
21,2024-01-06_17:00:00,29.4723,29.5552,0.0234024,0.00243718,0.00236689,0.138016,255.171,4.53642,0.0886723,142.005,99324.7
21,2024-01-06_18:00:00,35.9875,36.0782,0.0238704,0.00238666,0.00248271,0.137088,254.357,4.65909,-0.141018,121.259,99365.7
21,2024-01-06_19:00:00,38.5237,38.6178,0.0240288,0.00230569,0.00239835,0.136673,250.089,3.16828,-0.263497,72.3334,99411.2
21,2024-01-06_20:00:00,42.8174,42.9157,0.024344,0.00219451,0.00237064,0.136005,250.076,2.81101,0.170828,73.4797,99456.2
21,2024-01-06_21:00:00,44.7534,44.8516,0.0245878,0.00208588,0.00229977,0.135472,249.123,3.04708,0.0564085,66.8058,99490
21,2024-01-06_22:00:00,47.4941,47.5885,0.0246533,0.00202157,0.00220114,0.13517,248.197,2.92558,0.223905,64.5883,99521.3
21,2024-01-06_23:00:00,51.0486,51.1395,0.024854,0.0019447,0.00215591,0.134542,247.981,2.80696,0.0352203,60.6247,99564.4
21,2024-01-07_00:00:00,55.9934,56.0809,0.0255216,0.00180542,0.00221203,0.133147,246.72,2.29342,-0.163469,59.5393,99616.3
22,2024-01-06_00:00:00,1.7959,8.93369,0.0273433,0.0054272,0.0116282,0.132701,270.06,3.91791,5.39159,0,99097.5
22,2024-01-06_01:00:00,16.1447,24.3169,0.0252161,0.00414442,0.0102043,0.131087,269.815,3.81335,5.79338,439.754,99172.2
22,2024-01-06_02:00:00,14.3744,25.067,0.0239256,0.00311976,0.00920317,0.130487,269.565,4.61793,6.02987,482.792,99196
22,2024-01-06_03:00:00,52.3204,66.3547,0.0235244,0.00289882,0.00865604,0.130614,269.043,6.62256,4.75591,786.722,99262.4
22,2024-01-06_04:00:00,210.012,222.161,0.023112,0.0024716,0.0070633,0.132768,266.809,6.98328,3.35324,577.062,99381.7
22,2024-01-06_05:00:00,158.107,168.589,0.0225544,0.00236632,0.00617782,0.134458,264.836,6.79526,3.43525,447.586,99466.8
22,2024-01-06_06:00:00,101.806,108.952,0.0220495,0.00236896,0.00502091,0.136261,263.482,6.18607,3.30856,406.556,99541
22,2024-01-06_07:00:00,61.9447,66.126,0.0215249,0.00251704,0.00396097,0.138175,262.481,6.84701,3.39354,367.958,99573.4
22,2024-01-06_08:00:00,34.0103,36.1464,0.0216199,0.00263381,0.0031567,0.139051,261.627,6.81162,3.09731,321.628,99626.1
22,2024-01-06_09:00:00,19.6169,20.6795,0.0220425,0.00276969,0.00273896,0.138957,260.904,6.27419,3.02592,297.616,99690.7
22,2024-01-06_10:00:00,13.5642,14.1428,0.0224204,0.00290054,0.002555,0.1386,259.841,5.16193,2.70405,296.834,99790.9
22,2024-01-06_11:00:00,11.644,12.004,0.0226389,0.00287236,0.00248609,0.138308,258.959,4.61641,2.61187,285.512,99878.6
22,2024-01-06_12:00:00,12.2779,12.4461,0.0227657,0.00279477,0.00246515,0.138145,258.057,4.3338,2.40571,282.535,99934.9
22,2024-01-06_13:00:00,15.1091,15.2831,0.0228189,0.00272026,0.00242048,0.138144,256.964,3.78972,2.05971,309.003,99974.2
22,2024-01-06_14:00:00,18.416,18.5462,0.0228504,0.00264211,0.00236377,0.138253,255.842,3.00106,1.92191,306.235,100015
22,2024-01-06_15:00:00,21.0463,21.1492,0.0228766,0.00257554,0.00234262,0.138424,252.654,2.3858,1.72223,250.991,100074
22,2024-01-06_16:00:00,23.386,23.4723,0.0228979,0.00252295,0.00232361,0.138528,251.568,2.04685,1.73806,272.26,100140
22,2024-01-06_17:00:00,26.6947,26.7738,0.022936,0.00249248,0.00232295,0.138484,253.831,2.28217,1.95119,199.047,100198
22,2024-01-06_18:00:00,31.4861,31.5667,0.0230926,0.00245656,0.00232848,0.138185,253.692,2.90884,1.81962,133.244,100253
22,2024-01-06_19:00:00,37.2223,37.3083,0.0233997,0.00237648,0.00229446,0.137615,252.672,3.14329,1.19044,93.9669,100293
22,2024-01-06_20:00:00,40.4633,40.5487,0.0236511,0.00226534,0.00218292,0.137108,249.411,2.57976,1.09897,65.5418,100348
22,2024-01-06_21:00:00,43.5913,43.6788,0.0238463,0.00218333,0.00215895,0.136572,248.674,2.51003,1.2402,60.4866,100384
22,2024-01-06_22:00:00,47.3799,47.4672,0.0241489,0.00209196,0.00203669,0.135719,247.668,2.41185,1.06609,55.6658,100416
22,2024-01-06_23:00:00,51.0975,51.1849,0.0245379,0.00199746,0.00191398,0.134754,246.737,2.42412,0.836776,54.1593,100466
22,2024-01-07_00:00:00,53.7306,53.8161,0.0247774,0.00191808,0.00182933,0.134097,246.32,1.89638,0.908079,53.9772,100518
23,2024-01-06_00:00:00,1.75145,9.22911,0.0261599,0.00555743,0.0122108,0.132339,270.125,3.93627,5.59695,0,99117.9
23,2024-01-06_01:00:00,16.0925,18.6939,0.0243605,0.00438819,0.0108888,0.131013,269.405,3.95394,6.39284,430.553,99197
23,2024-01-06_02:00:00,16.2836,18.4826,0.0235276,0.00328096,0.00985372,0.130106,269.036,5.19926,7.0488,475.42,99207.4
23,2024-01-06_03:00:00,100.383,114.896,0.0230883,0.00312864,0.00916819,0.130892,268.16,8.06061,4.9176,635.527,99273.8
23,2024-01-06_04:00:00,218.961,231.349,0.0229054,0.00253301,0.00708154,0.132938,265.262,7.98648,3.76,456.555,99391.5
23,2024-01-06_05:00:00,151.674,161.974,0.0225544,0.00236388,0.00601623,0.134441,263.393,7.77916,4.07551,317.717,99443.7
23,2024-01-06_06:00:00,98.0053,104.772,0.0220905,0.0022727,0.00480096,0.136338,262.216,7.61218,3.77833,285.535,99498.7
23,2024-01-06_07:00:00,57.6203,61.4025,0.021636,0.0022888,0.00368617,0.13825,261.285,6.48033,3.0847,252.535,99583.8
23,2024-01-06_08:00:00,31.3259,33.1941,0.021744,0.00247134,0.00292158,0.139082,260.357,5.91008,2.88123,232.181,99659.1
23,2024-01-06_09:00:00,18.6013,19.5276,0.022109,0.00266437,0.00255,0.138981,259.386,5.51962,3.08461,213.895,99735.7
23,2024-01-06_10:00:00,13.3276,13.8425,0.0224303,0.00287233,0.00239872,0.138648,257.106,4.85468,2.96463,186.772,99826.1
23,2024-01-06_11:00:00,11.5557,11.8821,0.0226109,0.0028794,0.00234667,0.138401,255.994,4.67543,2.98931,153.999,99909.6
23,2024-01-06_12:00:00,12.2475,12.4668,0.022687,0.0028014,0.00233286,0.138358,254.94,4.56691,2.77759,134.4,99967.5
23,2024-01-06_13:00:00,15.1904,15.341,0.0227658,0.00272481,0.00232495,0.138392,254.042,4.65191,2.57162,118.794,100008
23,2024-01-06_14:00:00,19.0871,19.1973,0.0228617,0.00265394,0.00232116,0.138472,252.754,4.43107,2.38655,105.713,100052
23,2024-01-06_15:00:00,22.9402,23.0283,0.0229798,0.00259119,0.00231923,0.138516,252.603,4.31217,2.24902,96.2827,100105
23,2024-01-06_16:00:00,28.1551,28.2344,0.0231567,0.00255653,0.0023783,0.138363,250.771,4.1885,1.68751,91.9986,100153
23,2024-01-06_17:00:00,34.3429,34.4238,0.0234097,0.00253071,0.00244834,0.137986,250.13,4.17986,0.757333,85.8377,100211
23,2024-01-06_18:00:00,39.1068,39.1899,0.0236069,0.00246243,0.00239968,0.137611,249.706,3.49025,0.488118,72.2791,100274
23,2024-01-06_19:00:00,40.7634,40.844,0.0236504,0.00236689,0.00232114,0.137424,249.442,2.95979,1.20852,69.906,100320
23,2024-01-06_20:00:00,43.928,44.0118,0.0239332,0.00227358,0.00229081,0.136789,248.731,3.14076,1.22849,61.6304,100363
23,2024-01-06_21:00:00,50.7547,50.8452,0.0246265,0.00214452,0.00218386,0.135298,247.603,3.37433,0.655261,57.8281,100401
23,2024-01-06_22:00:00,56.3462,56.4382,0.0253508,0.00200061,0.00216477,0.133825,247.86,3.40612,0.316116,57.5719,100432
23,2024-01-06_23:00:00,59.2115,59.2977,0.0255933,0.00191623,0.00209121,0.133197,247.206,3.19588,-0.422613,55.8332,100484
23,2024-01-07_00:00:00,62.7012,62.7815,0.0258145,0.00184002,0.00198569,0.132444,246.179,2.8026,-1.0334,53.2987,100536
24,2024-01-06_00:00:00,0.955727,4.13454,0.0266332,0.00594211,0.0124975,0.132905,270.035,3.62457,4.90194,0,98373.4
24,2024-01-06_01:00:00,14.543,18.7207,0.0238253,0.00439879,0.0105185,0.131053,269.47,4.4374,6.07589,456.086,98453
24,2024-01-06_02:00:00,9.32706,15.9892,0.0228436,0.0032777,0.00914793,0.130837,269.438,5.47699,6.65155,553.23,98455.2
24,2024-01-06_03:00:00,47.1194,59.3698,0.0223052,0.00314006,0.00906575,0.13114,268.725,8.45725,6.19724,685.079,98505.7
24,2024-01-06_04:00:00,118.455,126.515,0.0212317,0.0025164,0.00587389,0.135012,265.749,8.8089,2.49983,506.905,98648.7
24,2024-01-06_05:00:00,96.2964,103.599,0.0213464,0.00238482,0.00532813,0.136004,263.795,7.93256,2.98909,386.136,98706.9
24,2024-01-06_06:00:00,58.863,63.453,0.0207854,0.00241649,0.00413322,0.137988,262.509,8.39263,3.53157,325.62,98746.9
24,2024-01-06_07:00:00,33.6574,36.3144,0.0206041,0.0025662,0.0033412,0.13926,261.455,7.92094,3.13138,302.947,98822.3
24,2024-01-06_08:00:00,15.1021,16.3396,0.0211565,0.0027045,0.00278047,0.139286,260.71,6.87386,2.61143,298.922,98914.4
24,2024-01-06_09:00:00,7.79772,8.34145,0.0218042,0.00286139,0.00253773,0.138738,259.921,6.50631,2.63239,248.401,98977.8
24,2024-01-06_10:00:00,6.48061,6.78841,0.0222,0.00302682,0.002486,0.138179,258.852,6.64453,2.71973,243.637,99037.1
24,2024-01-06_11:00:00,8.13262,8.36394,0.022527,0.00301789,0.00251797,0.13758,258.195,6.28925,2.72196,240.743,99119
24,2024-01-06_12:00:00,12.4652,12.6602,0.0226866,0.00294065,0.00255241,0.137307,257.227,5.78997,2.4035,220.528,99187.9
24,2024-01-06_13:00:00,17.8166,17.9755,0.0226801,0.00288347,0.00255164,0.137437,256.411,5.65297,2.10417,213.618,99231.5
24,2024-01-06_14:00:00,22.2608,22.3911,0.0226545,0.00282212,0.00251524,0.137673,255.282,5.39838,1.67319,129.581,99271.8
24,2024-01-06_15:00:00,26.4377,26.5513,0.0227709,0.00274816,0.00246531,0.137694,254.214,4.93725,1.20238,99.5816,99334.5
24,2024-01-06_16:00:00,30.4258,30.5324,0.0229623,0.00266748,0.00239532,0.137501,253.767,4.69155,1.02814,98.6126,99398.2
24,2024-01-06_17:00:00,34.8903,34.9963,0.0231736,0.00257248,0.00231302,0.137152,251.49,3.74473,0.871171,98.1448,99454.7
24,2024-01-06_18:00:00,40.7268,40.8401,0.0236459,0.00244264,0.00222029,0.136231,250.628,3.2677,1.01586,91.8902,99509.4
24,2024-01-06_19:00:00,44.1996,44.3166,0.0242351,0.00227682,0.00215882,0.135098,249.2,3.56421,0.981656,73.3466,99550.8
24,2024-01-06_20:00:00,44.9064,45.0072,0.0246081,0.00213821,0.00211044,0.134346,248.755,3.23947,1.37108,63.5086,99596.9
24,2024-01-06_21:00:00,47.531,47.6318,0.0248781,0.00203481,0.00202697,0.133772,247.563,3.0503,1.57211,59.9139,99636.3
24,2024-01-06_22:00:00,49.4021,49.5003,0.0250845,0.00194801,0.00195436,0.133293,246.786,2.76881,1.44379,59.0442,99675
24,2024-01-06_23:00:00,52.7243,52.8179,0.0257655,0.0018034,0.00195547,0.131872,246.053,2.8336,0.881418,58.7607,99725.3
24,2024-01-07_00:00:00,55.1626,55.2529,0.0262974,0.00168053,0.00191508,0.130617,246.762,2.89664,0.239204,55.8336,99782.5
25,2024-01-06_00:00:00,1.29924,6.03659,0.0270622,0.0057281,0.0121034,0.132898,270.036,3.79007,5.12384,0,98306.3
25,2024-01-06_01:00:00,15.7922,21.6786,0.0245562,0.00420242,0.0102567,0.137575,269.488,4.01649,5.06627,455.382,98385
25,2024-01-06_02:00:00,10.4521,18.0274,0.0236947,0.00321884,0.00936626,0.137123,269.108,4.82618,5.33726,488.274,98387.8
25,2024-01-06_03:00:00,54.0046,66.7802,0.0228938,0.00301878,0.00901876,0.132297,268.804,7.07555,4.59045,734.633,98435.1
25,2024-01-06_04:00:00,157.642,166.891,0.0221607,0.00247043,0.00644245,0.134209,266.911,7.75097,2.78658,594.574,98539.1
25,2024-01-06_05:00:00,105.323,112.838,0.0216098,0.00236288,0.00542507,0.136238,264.672,7.85563,2.61565,447.207,98597.1
25,2024-01-06_06:00:00,59.178,63.6964,0.0208822,0.00243481,0.00422264,0.138271,263.179,7.70185,2.57493,365.007,98663.1
25,2024-01-06_07:00:00,33.4687,36.0362,0.0207218,0.00259849,0.00347257,0.139323,262.225,7.65823,2.37946,328.717,98719.3
25,2024-01-06_08:00:00,16.5773,17.2316,0.021548,0.00271393,0.00296319,0.138798,261.476,6.90832,1.8644,314.826,98807.5
25,2024-01-06_09:00:00,9.39526,9.97597,0.0224565,0.00281748,0.00272989,0.137808,260.72,6.28781,1.6439,285.19,98887.4
25,2024-01-06_10:00:00,8.06965,8.40848,0.0229761,0.00293286,0.00268146,0.137068,259.852,6.23763,1.6732,242.739,98953.6
25,2024-01-06_11:00:00,10.064,10.3237,0.0232912,0.00289765,0.00270094,0.136443,259.184,5.58036,1.80168,239.147,99038
25,2024-01-06_12:00:00,15.1112,15.3261,0.0234421,0.0028117,0.00273016,0.136209,258.419,5.08093,1.7571,226.905,99102.5
25,2024-01-06_13:00:00,21.1927,21.3673,0.0234101,0.00275314,0.00272593,0.136421,257.652,4.79006,1.54619,212.94,99145.2
25,2024-01-06_14:00:00,26.0323,26.173,0.0233106,0.00271224,0.0027005,0.136698,256.742,4.66418,1.33301,192.851,99183.9
25,2024-01-06_15:00:00,29.0178,29.1344,0.023237,0.00266938,0.00265409,0.137128,256.058,4.36316,0.96467,172.697,99242.6
25,2024-01-06_16:00:00,32.4371,32.5424,0.0233014,0.00262,0.00259913,0.137317,255.226,4.14879,0.484797,152.855,99299.8
25,2024-01-06_17:00:00,38.0926,38.2021,0.0237605,0.0025182,0.00255608,0.136641,254.732,4.12047,0.305124,141.534,99356
25,2024-01-06_18:00:00,44.2383,44.3572,0.0244898,0.00234665,0.0024947,0.135296,253.949,3.88235,0.176431,123.803,99408.3
25,2024-01-06_19:00:00,47.012,47.1278,0.0249775,0.00219076,0.00239059,0.134315,250.528,3.35508,0.313191,87.7465,99452.3
25,2024-01-06_20:00:00,46.757,46.8451,0.0248619,0.00212605,0.00227068,0.134148,249.263,2.93698,0.755269,61.1997,99503.2
25,2024-01-06_21:00:00,47.8651,47.8918,0.0249403,0.00204782,0.00217291,0.13355,248.532,2.855,1.07168,55.545,99542.3
25,2024-01-06_22:00:00,50.5911,50.6789,0.0255421,0.00189467,0.00213763,0.132639,247.935,3.0259,0.914878,54.4238,99571.8
25,2024-01-06_23:00:00,52.2947,52.3851,0.025874,0.0017896,0.00205909,0.13192,247.3,2.97572,0.47857,53.9477,99624.5
25,2024-01-07_00:00:00,54.0796,54.1635,0.0264306,0.00166175,0.00204086,0.130831,247.39,2.97696,-0.0761639,54.1561,99673.6
26,2024-01-06_00:00:00,1.74666,8.85456,0.0268344,0.00550875,0.0118946,0.132569,270.073,3.87692,5.50558,0,99764.8
26,2024-01-06_01:00:00,17.2443,24.2145,0.025157,0.00447454,0.0105284,0.131404,269.686,3.34483,6.24257,418.56,99848.4
26,2024-01-06_02:00:00,14.5135,24.8146,0.0237595,0.00327319,0.00963506,0.130263,269.263,4.41643,6.54615,431.108,99860.4
26,2024-01-06_03:00:00,57.4426,72.1164,0.0231566,0.00307763,0.00906091,0.130469,268.815,6.45143,4.87059,737.659,99940.8
26,2024-01-06_04:00:00,214.669,226.977,0.0230382,0.0024997,0.00708435,0.132695,266.214,6.91524,3.28558,534.386,100068
26,2024-01-06_05:00:00,165.733,176.61,0.0226116,0.00235843,0.0061689,0.134162,264.381,6.68055,3.70799,385.12,100130
26,2024-01-06_06:00:00,106.723,114.185,0.022186,0.00230805,0.00499123,0.135957,263.269,7.28467,3.77905,332.917,100172
26,2024-01-06_07:00:00,65.131,69.4844,0.0216512,0.0023981,0.00387262,0.137939,262.271,6.44777,3.14899,315.27,100254
26,2024-01-06_08:00:00,36.702,38.9574,0.0216587,0.00254202,0.00303715,0.13896,261.499,5.52002,3.04525,308.511,100337
26,2024-01-06_09:00:00,22.0157,23.1799,0.0219718,0.00269681,0.00256444,0.139048,258.948,3.50034,2.5309,241.335,100433
26,2024-01-06_10:00:00,15.1852,15.8239,0.022283,0.00286353,0.0023806,0.138801,255.987,2.89259,2.74459,220.886,100533
26,2024-01-06_11:00:00,12.1605,12.5507,0.0224921,0.00285527,0.00231297,0.13853,255.046,2.70862,2.94372,178.442,100610
26,2024-01-06_12:00:00,11.7482,11.8023,0.0226054,0.00276874,0.00227811,0.13842,253.858,2.71746,2.87263,207.124,100661
26,2024-01-06_13:00:00,13.1242,13.3049,0.0226473,0.00269009,0.00224223,0.138453,252.869,2.88026,2.58427,131.98,100701
26,2024-01-06_14:00:00,15.8478,15.9768,0.0227108,0.00261545,0.00221172,0.138542,251.122,3.41955,2.53717,116.679,100744
26,2024-01-06_15:00:00,18.7367,18.8353,0.0227847,0.00253903,0.00217236,0.138629,251.199,3.67031,2.21545,102.614,100799
26,2024-01-06_16:00:00,21.9196,22.0006,0.0228767,0.00247339,0.00214354,0.138636,250.045,3.45944,1.97732,95.8112,100856
26,2024-01-06_17:00:00,25.9098,25.9841,0.022978,0.00242916,0.00216726,0.138507,249.877,2.53678,1.5961,91.7258,100923
26,2024-01-06_18:00:00,30.8754,30.9501,0.0231205,0.00240689,0.00223629,0.138263,250.096,2.46087,1.66406,86.9833,100974
26,2024-01-06_19:00:00,34.3587,34.4348,0.0232997,0.00233142,0.00217335,0.13796,249.241,2.70282,1.90458,84.5002,101016
26,2024-01-06_20:00:00,39.9058,39.9862,0.0236092,0.00226966,0.00220661,0.137252,248.45,3.08991,0.964087,62.4289,101066
26,2024-01-06_21:00:00,43.4483,43.53,0.0237557,0.00219432,0.00213719,0.136685,247.99,2.9199,0.475354,59.3486,101113
26,2024-01-06_22:00:00,48.6394,48.723,0.0241835,0.002099,0.0019812,0.135642,246.648,3.15188,0.0291029,56.4279,101143
26,2024-01-06_23:00:00,51.1378,51.2195,0.0244185,0.0020285,0.00186228,0.134987,246.327,3.03275,-0.552475,55.3403,101195
26,2024-01-07_00:00:00,54.0734,54.1558,0.024732,0.00193892,0.00178966,0.134204,245.537,2.77884,-0.687803,54.8588,101249
27,2024-01-06_00:00:00,1.82344,8.95561,0.0276724,0.00537927,0.0114665,0.132793,270.054,3.96188,5.28235,0,99101.1
27,2024-01-06_01:00:00,15.6718,23.0851,0.0251732,0.00395414,0.00968545,0.130969,269.73,4.78094,6.47354,442.645,99146.9
27,2024-01-06_02:00:00,13.994,24.352,0.024027,0.00303341,0.0088911,0.130581,269.28,5.97564,6.74729,457.022,99146.1
27,2024-01-06_03:00:00,45.5111,59.1063,0.0238264,0.00276614,0.00839439,0.130667,268.932,7.95055,5.41631,743.606,99201.4
27,2024-01-06_04:00:00,208.712,220.796,0.0231976,0.00245844,0.0070949,0.132779,266.865,8.49858,3.43466,555.599,99323.4
27,2024-01-06_05:00:00,156.026,166.341,0.0225347,0.002348,0.00618267,0.134639,264.918,9.19351,3.8862,404.258,99383.6
27,2024-01-06_06:00:00,100.315,107.356,0.0219922,0.00236386,0.00505138,0.136427,263.484,9.15177,3.90961,343.837,99430.9
27,2024-01-06_07:00:00,61.0475,65.1891,0.0214551,0.00250197,0.00399917,0.138263,262.455,8.43686,3.43154,328.343,99502.1
27,2024-01-06_08:00:00,34.2225,36.3949,0.02162,0.00264182,0.00320689,0.138996,261.763,5.94866,2.66677,382.857,99641.5
27,2024-01-06_09:00:00,20.1312,21.2446,0.022037,0.00278855,0.00276235,0.138904,260.862,3.89934,2.27882,445.689,99759.9
27,2024-01-06_10:00:00,13.9525,14.5642,0.0224113,0.00290197,0.00255943,0.138579,259.564,3.52368,2.34268,392.358,99830.1
27,2024-01-06_11:00:00,11.7368,12.1143,0.0226439,0.00286107,0.002482,0.138265,259,3.60665,2.39867,389.975,99901.5
27,2024-01-06_12:00:00,12.0999,12.3506,0.0227808,0.00277948,0.00245628,0.138081,258.227,3.40735,2.38098,307.115,99960.7
27,2024-01-06_13:00:00,14.5369,14.719,0.022816,0.00270744,0.00241635,0.138098,256.656,2.93018,2.20844,287.081,100006
27,2024-01-06_14:00:00,17.919,18.0552,0.0228476,0.00263357,0.00238203,0.138206,255.154,3.04512,2.37845,271.536,100048
27,2024-01-06_15:00:00,21.1489,21.2547,0.0228893,0.00257635,0.0023786,0.138355,255.097,3.72626,2.61017,196.671,100097
27,2024-01-06_16:00:00,24.1505,24.2404,0.0229523,0.00253387,0.0023939,0.1384,253.731,3.55037,2.1792,188.502,100147
27,2024-01-06_17:00:00,27.6515,27.7369,0.0230843,0.00249245,0.00240212,0.138179,252.37,3.44251,1.68478,101.432,100198
27,2024-01-06_18:00:00,32.5613,32.6484,0.0233067,0.00243905,0.00238771,0.137746,251.626,3.47439,1.37182,87.0456,100248
27,2024-01-06_19:00:00,36.4788,36.568,0.0234812,0.00236441,0.0023136,0.1374,249.136,3.08015,1.5965,68.9708,100295
27,2024-01-06_20:00:00,40.3149,40.4055,0.0237277,0.00225741,0.00224237,0.136898,249.287,2.70031,1.81863,66.3237,100345
27,2024-01-06_21:00:00,42.8377,42.9275,0.0239807,0.00215743,0.0021679,0.136333,247.986,3.24147,1.6062,57.6262,100383
27,2024-01-06_22:00:00,46.6356,46.726,0.0242233,0.00207499,0.00212945,0.135618,247.474,3.07474,1.55356,55.672,100417
27,2024-01-06_23:00:00,51.1598,51.2506,0.0247653,0.00195914,0.00201335,0.134431,247.146,2.87255,1.13873,54.9817,100466
27,2024-01-07_00:00:00,53.8528,53.9402,0.024967,0.00188552,0.0019228,0.133936,245.67,2.31271,1.33982,54.8551,100521
28,2024-01-06_00:00:00,1.71304,8.73281,0.0266539,0.00554401,0.0119967,0.132529,270.078,3.86766,5.52408,0,99635.9
28,2024-01-06_01:00:00,17.2183,19.8451,0.0249852,0.00450951,0.0106402,0.13138,269.553,3.61175,6.42238,419.056,99719.8
28,2024-01-06_02:00:00,14.3854,17.3941,0.0236819,0.00329385,0.00971669,0.130233,269.277,4.63827,6.94806,437.651,99732.9
28,2024-01-06_03:00:00,67.6195,82.4066,0.0230547,0.0031422,0.00925014,0.130565,268.686,6.82308,4.96134,724.901,99815.8
28,2024-01-06_04:00:00,214.514,226.731,0.0229487,0.00251047,0.00706185,0.132799,265.876,6.722,3.34919,527.819,99945.5
28,2024-01-06_05:00:00,161.923,172.657,0.0225645,0.00237268,0.00612216,0.134212,264.08,5.85164,3.64,395.712,100019
28,2024-01-06_06:00:00,105.093,112.46,0.0221576,0.0023181,0.00493961,0.135989,263.092,6.42849,3.89897,340.677,100062
28,2024-01-06_07:00:00,63.2274,67.4691,0.0216151,0.00241465,0.0038277,0.138011,262.163,6.67828,3.46419,313.46,100117
28,2024-01-06_08:00:00,35.05,37.2233,0.0216432,0.00254642,0.00301241,0.138997,261.175,6.01358,3.0109,281.326,100195
28,2024-01-06_09:00:00,20.1447,21.2122,0.0220012,0.00270974,0.00258841,0.139005,259.868,5.88589,2.99186,225.894,100263
28,2024-01-06_10:00:00,13.8092,14.3835,0.0223611,0.00287779,0.00241601,0.138657,258.208,5.34211,2.83052,223.094,100359
28,2024-01-06_11:00:00,11.5767,11.9327,0.022554,0.00287411,0.0023357,0.138382,256.695,4.66531,2.83312,162.601,100447
28,2024-01-06_12:00:00,11.8116,11.8692,0.0226308,0.00278372,0.00227914,0.138314,254.799,3.62062,2.64855,143.05,100510
28,2024-01-06_13:00:00,13.2312,13.4027,0.0226589,0.0026956,0.00222073,0.138382,251.66,3.12789,2.61357,130.918,100559
28,2024-01-06_14:00:00,15.5799,15.7036,0.0226929,0.00261052,0.00216248,0.138526,251.014,2.90976,2.77997,123.516,100607
28,2024-01-06_15:00:00,18.5836,18.6784,0.0227784,0.00253598,0.0021284,0.138636,250.462,3.12807,2.57504,113.285,100665
28,2024-01-06_16:00:00,23.5933,23.673,0.0229256,0.00249596,0.00218045,0.138558,250.136,3.4368,2.21831,104.685,100716
28,2024-01-06_17:00:00,29.2357,29.3117,0.0230963,0.00247488,0.00227977,0.138341,250.071,2.94752,1.48797,99.3822,100780
28,2024-01-06_18:00:00,32.9718,33.0475,0.0231872,0.00243672,0.00229616,0.138163,250.224,3.02055,1.42589,89.3963,100835
28,2024-01-06_19:00:00,36.3184,36.3957,0.0233628,0.00235838,0.00222234,0.137851,249.344,3.25289,1.64947,84.547,100878
28,2024-01-06_20:00:00,41.1219,41.2029,0.0236347,0.00228067,0.00224164,0.137198,248.989,3.21591,0.851394,62.0297,100927
28,2024-01-06_21:00:00,45.1964,45.2799,0.0239002,0.0021923,0.00212353,0.136436,247.968,3.16881,0.412995,58.0246,100971
28,2024-01-06_22:00:00,48.9642,49.047,0.0242314,0.00210021,0.00198197,0.135587,246.82,3.04469,-0.0522527,55.284,101007
28,2024-01-06_23:00:00,51.9348,52.0158,0.0244898,0.00202986,0.0018722,0.134903,246,3.22522,-0.566462,53.3125,101053
28,2024-01-07_00:00:00,54.2381,54.3186,0.0246849,0.0019471,0.00176896,0.134283,245.531,2.79658,-0.81693,53.1092,101110
29,2024-01-06_00:00:00,1.15504,5.31785,0.0266288,0.00586065,0.0123691,0.132843,270.038,3.70065,5.15558,0,98454.1
29,2024-01-06_01:00:00,15.8706,20.6569,0.0242307,0.00435857,0.0107869,0.130927,269.591,3.75483,5.36212,455.05,98532.1
29,2024-01-06_02:00:00,10.4253,18.0026,0.0232869,0.00321793,0.00940972,0.13089,269.439,4.38836,5.59398,551.159,98538.3
29,2024-01-06_03:00:00,75.9317,87.6127,0.0226556,0.00291656,0.00857553,0.131867,268.953,7.72448,4.68773,769.427,98592.3
29,2024-01-06_04:00:00,138.788,147.231,0.0218252,0.00244726,0.00601956,0.134871,266.962,7.84819,2.55375,631.735,98716.4
29,2024-01-06_05:00:00,93.858,100.789,0.0214406,0.00234285,0.00520402,0.136566,264.557,7.72806,2.83907,452.721,98773.2
29,2024-01-06_06:00:00,55.1238,59.3516,0.0207458,0.00245635,0.00409266,0.138505,263.194,7.20171,2.61999,381.948,98846.9
29,2024-01-06_07:00:00,32.4012,34.8921,0.0207166,0.00260402,0.0034035,0.139351,262.225,7.37507,2.47611,332.863,98896.5
29,2024-01-06_08:00:00,15.4988,16.1333,0.0214804,0.00271406,0.00289553,0.138974,261.482,6.99251,2.13601,309.634,98963.9
29,2024-01-06_09:00:00,8.71915,9.25458,0.0222535,0.00284262,0.00268377,0.138166,260.726,5.9543,1.60549,300.119,99060.6
29,2024-01-06_10:00:00,7.60534,7.91926,0.022695,0.002986,0.00265371,0.137509,259.928,5.64441,1.54206,265.62,99145.6
29,2024-01-06_11:00:00,9.97106,10.2132,0.0230282,0.00295889,0.00269127,0.13692,259.266,5.74703,1.69177,240.5,99213.1
29,2024-01-06_12:00:00,15.2806,15.4822,0.0231737,0.00287622,0.00272765,0.136712,258.545,5.61229,1.65441,223.962,99266.4
29,2024-01-06_13:00:00,20.9368,21.0998,0.0230997,0.00282483,0.00272192,0.136982,257.683,5.28044,1.41886,210.285,99309.6
29,2024-01-06_14:00:00,24.7871,24.9172,0.0229681,0.00278243,0.00267815,0.137427,256.795,4.70786,1.18131,209.816,99361.6
29,2024-01-06_15:00:00,28.223,28.3335,0.022997,0.00272008,0.00262946,0.137622,255.851,4.21285,0.951934,186.255,99417.3
29,2024-01-06_16:00:00,31.5388,31.6401,0.0230914,0.0026689,0.00255561,0.137635,255.062,3.71052,0.681623,153.575,99473.3
29,2024-01-06_17:00:00,37.1409,37.2471,0.0235559,0.0025463,0.00249752,0.136808,254.224,3.11112,0.535809,136.368,99529.7
29,2024-01-06_18:00:00,42.921,43.0363,0.0241719,0.00239338,0.00243029,0.135624,251.272,2.75165,0.505628,100.7,99581.3
29,2024-01-06_19:00:00,45.0392,45.1521,0.0246094,0.00224348,0.0023244,0.134725,250.168,2.84366,0.596162,74.8382,99623.6
29,2024-01-06_20:00:00,45.9867,46.076,0.0247035,0.0021532,0.00220145,0.134498,249.452,2.62278,0.769941,62.8755,99670.5
29,2024-01-06_21:00:00,48.2631,48.3034,0.0248734,0.00205954,0.00208438,0.134145,248.204,2.39459,0.958685,58.5418,99713.5
29,2024-01-06_22:00:00,49.9136,50.0123,0.0250007,0.00197605,0.00197636,0.13377,247.441,2.14434,0.98634,55.9192,99747.3
29,2024-01-06_23:00:00,53.2778,53.3734,0.0253298,0.00187919,0.00192268,0.13292,247.491,2.13194,0.586799,53.9248,99795.1
29,2024-01-07_00:00:00,55.119,55.2098,0.0256429,0.00178925,0.00186347,0.132105,246.591,1.91931,0.163296,53.2031,99851.2
30,2024-01-06_00:00:00,1.33816,6.67785,0.0260189,0.00582958,0.0124954,0.132544,270.074,3.73737,5.43502,0,99777.1
30,2024-01-06_01:00:00,17.2234,24.9504,0.0240024,0.00451018,0.0114399,0.130965,270.207,2.96919,4.54817,445.168,99853.8
30,2024-01-06_02:00:00,13.3729,23.9619,0.0232291,0.00334207,0.010098,0.130377,270.258,3.6631,4.87827,526.085,99873.8
30,2024-01-06_03:00:00,104.919,117.503,0.022577,0.0030375,0.00885964,0.131648,269.684,6.87317,3.71929,766.547,99936.9
30,2024-01-06_04:00:00,173.556,183.626,0.0222877,0.00247665,0.00657694,0.134058,267.685,6.66165,2.34601,605.392,100058
30,2024-01-06_05:00:00,113.895,122.091,0.0218149,0.00235768,0.00563402,0.135706,265.816,6.64408,2.14576,492.599,100133
30,2024-01-06_06:00:00,66.4169,71.3602,0.0211591,0.00235674,0.00432287,0.13788,264.554,6.68156,1.94065,447.276,100200
30,2024-01-06_07:00:00,34.7827,37.3522,0.0209211,0.00253225,0.00341643,0.139311,263.689,6.43414,1.39664,394.318,100269
30,2024-01-06_08:00:00,16.8457,18.0227,0.0215724,0.00267254,0.00290353,0.139103,263,6.19359,1.11098,378.565,100352
30,2024-01-06_09:00:00,10.2338,10.7994,0.0223531,0.00279476,0.00270359,0.138236,262.164,5.92961,1.15627,358.404,100429
30,2024-01-06_10:00:00,9.01436,9.36026,0.0227605,0.00295535,0.00264253,0.13764,261.179,5.36177,1.25401,346.742,100518
30,2024-01-06_11:00:00,10.7425,11.0001,0.02293,0.00294313,0.00262865,0.137348,260.254,4.95652,1.379,322.711,100601
30,2024-01-06_12:00:00,14.6634,14.8489,0.0229443,0.00286576,0.00262546,0.137411,259.471,4.75041,1.32163,305.398,100664
30,2024-01-06_13:00:00,19.7323,19.8829,0.0229249,0.00280994,0.00261676,0.137647,258.682,4.49617,1.05105,281.168,100712
30,2024-01-06_14:00:00,23.3517,23.4681,0.0228945,0.00275844,0.00257106,0.137954,257.757,4.16346,0.818404,269.417,100760
30,2024-01-06_15:00:00,26.3878,26.4843,0.0229325,0.00270662,0.00253477,0.138136,257.057,4.01599,0.49284,261.161,100818
30,2024-01-06_16:00:00,30.228,30.3159,0.0230551,0.00266495,0.00250027,0.13809,256.419,3.39769,-0.19408,257.114,100878
30,2024-01-06_17:00:00,34.367,34.4519,0.023092,0.00261756,0.00244707,0.138036,255.616,2.99363,-0.726474,268.793,100942
30,2024-01-06_18:00:00,39.693,39.7845,0.0234482,0.00249964,0.00237855,0.137378,254.962,3.11022,-0.264943,208.018,100998
30,2024-01-06_19:00:00,41.4751,41.5254,0.0234841,0.0024061,0.00225587,0.137251,253.875,2.49649,-0.0102089,201.812,101049
30,2024-01-06_20:00:00,44.4678,44.5523,0.0236506,0.00231997,0.00210917,0.136866,252.889,2.37366,0.00356074,175.488,101099
30,2024-01-06_21:00:00,47.0684,47.1585,0.0239835,0.00220139,0.0019561,0.136065,252.112,2.03177,-0.1071,125.33,101136
30,2024-01-06_22:00:00,47.3102,47.3966,0.0240356,0.00212617,0.00181634,0.135744,251.253,1.26468,-0.372773,101.505,101179
30,2024-01-06_23:00:00,48.1704,48.2528,0.0241636,0.00205846,0.00171877,0.135312,250.483,1.44813,-0.545492,85.5537,101230
30,2024-01-07_00:00:00,51.684,51.7661,0.0244409,0.00198031,0.00163731,0.134608,249.835,1.6897,-0.93383,83.2243,101286
31,2024-01-06_00:00:00,1.82344,8.95561,0.0276724,0.00537927,0.0114665,0.132793,270.054,3.96188,5.28235,0,99101.1
31,2024-01-06_01:00:00,15.6718,23.0851,0.0251732,0.00395414,0.00968545,0.130969,269.73,4.78094,6.47354,442.645,99146.9
31,2024-01-06_02:00:00,13.994,24.352,0.024027,0.00303341,0.0088911,0.130581,269.28,5.97564,6.74729,457.022,99146.1
31,2024-01-06_03:00:00,45.5111,59.1063,0.0238264,0.00276614,0.00839439,0.130667,268.932,7.95055,5.41631,743.606,99201.4
31,2024-01-06_04:00:00,208.712,220.796,0.0231976,0.00245844,0.0070949,0.132779,266.865,8.49858,3.43466,555.599,99323.4
31,2024-01-06_05:00:00,156.026,166.341,0.0225347,0.002348,0.00618267,0.134639,264.918,9.19351,3.8862,404.258,99383.6
31,2024-01-06_06:00:00,100.315,107.356,0.0219922,0.00236386,0.00505138,0.136427,263.484,9.15177,3.90961,343.837,99430.9
31,2024-01-06_07:00:00,61.0475,65.1891,0.0214551,0.00250197,0.00399917,0.138263,262.455,8.43686,3.43154,328.343,99502.1
31,2024-01-06_08:00:00,34.2225,36.3949,0.02162,0.00264182,0.00320689,0.138996,261.763,5.94866,2.66677,382.857,99641.5
31,2024-01-06_09:00:00,20.1312,21.2446,0.022037,0.00278855,0.00276235,0.138904,260.862,3.89934,2.27882,445.689,99759.9
31,2024-01-06_10:00:00,13.9525,14.5642,0.0224113,0.00290197,0.00255943,0.138579,259.564,3.52368,2.34268,392.358,99830.1
31,2024-01-06_11:00:00,11.7368,12.1143,0.0226439,0.00286107,0.002482,0.138265,259,3.60665,2.39867,389.975,99901.5
31,2024-01-06_12:00:00,12.0999,12.3506,0.0227808,0.00277948,0.00245628,0.138081,258.227,3.40735,2.38098,307.115,99960.7
31,2024-01-06_13:00:00,14.5369,14.719,0.022816,0.00270744,0.00241635,0.138098,256.656,2.93018,2.20844,287.081,100006
31,2024-01-06_14:00:00,17.919,18.0552,0.0228476,0.00263357,0.00238203,0.138206,255.154,3.04512,2.37845,271.536,100048
31,2024-01-06_15:00:00,21.1489,21.2547,0.0228893,0.00257635,0.0023786,0.138355,255.097,3.72626,2.61017,196.671,100097
31,2024-01-06_16:00:00,24.1505,24.2404,0.0229523,0.00253387,0.0023939,0.1384,253.731,3.55037,2.1792,188.502,100147
31,2024-01-06_17:00:00,27.6515,27.7369,0.0230843,0.00249245,0.00240212,0.138179,252.37,3.44251,1.68478,101.432,100198
31,2024-01-06_18:00:00,32.5613,32.6484,0.0233067,0.00243905,0.00238771,0.137746,251.626,3.47439,1.37182,87.0456,100248
31,2024-01-06_19:00:00,36.4788,36.568,0.0234812,0.00236441,0.0023136,0.1374,249.136,3.08015,1.5965,68.9708,100295
31,2024-01-06_20:00:00,40.3149,40.4055,0.0237277,0.00225741,0.00224237,0.136898,249.287,2.70031,1.81863,66.3237,100345
31,2024-01-06_21:00:00,42.8377,42.9275,0.0239807,0.00215743,0.0021679,0.136333,247.986,3.24147,1.6062,57.6262,100383
31,2024-01-06_22:00:00,46.6356,46.726,0.0242233,0.00207499,0.00212945,0.135618,247.474,3.07474,1.55356,55.672,100417
31,2024-01-06_23:00:00,51.1598,51.2506,0.0247653,0.00195914,0.00201335,0.134431,247.146,2.87255,1.13873,54.9817,100466
31,2024-01-07_00:00:00,53.8528,53.9402,0.024967,0.00188552,0.0019228,0.133936,245.67,2.31271,1.33982,54.8551,100521
32,2024-01-06_00:00:00,2.19137,11.131,0.0278543,0.00515078,0.0111146,0.13263,270.08,4.05051,5.45076,0,98640.6
32,2024-01-06_01:00:00,14.8592,24.1296,0.0254138,0.00391878,0.009898,0.130951,269.683,3.48616,5.00869,472.579,98726.1
32,2024-01-06_02:00:00,16.2037,26.8155,0.0243457,0.0027411,0.00846635,0.130586,269.327,4.39805,5.68399,540.539,98738.5
32,2024-01-06_03:00:00,44.7686,60.3285,0.0242119,0.00275821,0.00808469,0.130215,268.93,6.73588,4.52613,756.7,98797.1
32,2024-01-06_04:00:00,236.348,249.715,0.0238924,0.00237585,0.00651911,0.132389,267.1,7.53,3.16668,608.505,98911.2
32,2024-01-06_05:00:00,168.345,178.693,0.0229942,0.00230108,0.00581862,0.134464,264.896,7.7411,3.21984,450.208,98977.5
32,2024-01-06_06:00:00,105.59,112.595,0.0222752,0.00235403,0.00481895,0.136506,263.439,7.82334,2.96798,390.371,99032
32,2024-01-06_07:00:00,62.8403,66.7534,0.0217885,0.00247595,0.00379178,0.138307,262.356,7.87782,2.86089,360.451,99086
32,2024-01-06_08:00:00,36.0652,38.0553,0.0219762,0.00258274,0.00306639,0.138961,261.558,7.69311,2.92155,325.892,99143.9
32,2024-01-06_09:00:00,21.699,22.694,0.0223938,0.00272088,0.00269481,0.138792,260.813,6.93514,2.88526,297.439,99227.1
32,2024-01-06_10:00:00,15.2841,15.8394,0.0227155,0.00285693,0.0025476,0.138505,260.104,6.52148,2.63958,283.8,99300.9
32,2024-01-06_11:00:00,12.9219,13.2729,0.0229085,0.00283375,0.00250438,0.13825,259.363,6.00551,2.43629,269.984,99386.7
32,2024-01-06_12:00:00,13.4327,13.6641,0.0230261,0.00274361,0.00248784,0.138134,258.608,5.56768,2.14442,239.429,99439.3
32,2024-01-06_13:00:00,16.1245,16.2883,0.0230964,0.00265616,0.00244247,0.138133,257.724,4.87135,1.69945,222.695,99479.7
32,2024-01-06_14:00:00,18.7983,18.9194,0.0230947,0.00257846,0.00235884,0.138323,256.904,4.04988,1.33874,243.763,99527.1
32,2024-01-06_15:00:00,21.4429,21.5391,0.023142,0.00250586,0.00227554,0.138395,253.697,2.99839,0.87979,202.318,99585.5
32,2024-01-06_16:00:00,24.3742,24.4577,0.0232053,0.00244985,0.00222231,0.138377,252.967,2.82524,0.647185,171.337,99637.5
32,2024-01-06_17:00:00,27.8121,27.89,0.0232498,0.00243857,0.00225135,0.138323,253.464,2.52231,0.0985557,124.47,99698.8
32,2024-01-06_18:00:00,32.9122,32.9944,0.0235074,0.00240996,0.00233716,0.137786,254.692,3.23592,0.0748006,115.055,99752
32,2024-01-06_19:00:00,38.6696,38.7615,0.0240095,0.00231183,0.00233946,0.13679,253.62,3.20835,0.0189891,94.7936,99789.6
32,2024-01-06_20:00:00,43.3043,43.3992,0.0243079,0.00219728,0.00228485,0.136132,250.139,2.52388,-0.455282,85.378,99837.3
32,2024-01-06_21:00:00,44.2837,44.3768,0.02432,0.00211864,0.0021994,0.135982,249.402,2.51709,-0.349204,75.1576,99873.2
32,2024-01-06_22:00:00,47.7348,47.8256,0.0244516,0.00205298,0.00212324,0.135513,248.218,2.64122,-0.138777,71.5856,99901.6
32,2024-01-06_23:00:00,50.4988,50.5881,0.0246395,0.00197643,0.00206839,0.134894,247.612,2.27975,-0.526943,69.1377,99950.1
32,2024-01-07_00:00:00,53.4812,53.5693,0.0250777,0.0018595,0.00208919,0.133831,246.4,1.50476,-0.545876,89.2372,99996.3
33,2024-01-06_00:00:00,1.08096,5.20303,0.025722,0.0060113,0.0127628,0.132597,270.059,3.65186,5.31843,0,99208.3
33,2024-01-06_01:00:00,17.2707,21.4918,0.0237077,0.0046686,0.011496,0.131068,269.885,3.31615,5.33774,463.21,99290.9
33,2024-01-06_02:00:00,12.3216,22.7053,0.0228655,0.00351383,0.010322,0.130177,269.87,4.35443,5.88683,548.321,99310.7
33,2024-01-06_03:00:00,94.9855,107.066,0.0221844,0.00309485,0.00864761,0.131697,269.231,7.474,4.6998,772.786,99372.4
33,2024-01-06_04:00:00,140.824,149.648,0.021769,0.00247012,0.0060308,0.13461,267.148,7.46311,2.55558,609.751,99500.7
33,2024-01-06_05:00:00,96.694,103.849,0.0215172,0.00235089,0.00514628,0.13625,265.176,7.34419,2.75057,489.75,99578.8
33,2024-01-06_06:00:00,59.1265,63.616,0.0209256,0.00240583,0.00404392,0.138168,263.867,7.25115,2.622,421.932,99636.4
33,2024-01-06_07:00:00,31.8473,34.2617,0.0207832,0.00255607,0.00323498,0.139423,263.01,7.14391,2.21804,371.296,99694.1
33,2024-01-06_08:00:00,15.0937,16.1955,0.0213414,0.00268396,0.00273911,0.139406,262.25,6.94083,2.03866,348.031,99767
33,2024-01-06_09:00:00,8.74676,9.25205,0.0219357,0.0028503,0.00255766,0.138821,261.443,6.40236,1.91187,333.809,99847.3
33,2024-01-06_10:00:00,7.69649,7.99941,0.0223332,0.00303046,0.00252362,0.138195,260.54,5.7723,1.8657,310.502,99933
33,2024-01-06_11:00:00,9.95792,10.1878,0.0226266,0.00301736,0.00255604,0.137668,259.749,5.39547,1.96273,297.467,100014
33,2024-01-06_12:00:00,14.3267,14.5103,0.0227088,0.0029422,0.00258006,0.137607,258.966,5.26754,1.91163,281.647,100074
33,2024-01-06_13:00:00,18.4418,18.5837,0.0226075,0.00288805,0.00255369,0.137964,258.092,4.96013,1.6966,272.127,100120
33,2024-01-06_14:00:00,21.5465,21.6564,0.0225226,0.0028366,0.00249968,0.138351,257.212,4.47725,1.44192,264.971,100171
33,2024-01-06_15:00:00,24.3437,24.4339,0.0225261,0.00277836,0.0024444,0.138597,256.429,4.113,0.913376,265.398,100229
33,2024-01-06_16:00:00,27.5561,27.637,0.0225585,0.00272651,0.00235877,0.138646,255.613,3.58592,0.265943,264.386,100284
33,2024-01-06_17:00:00,34.0674,34.1537,0.0228828,0.00264019,0.00232487,0.138137,255.029,3.52607,0.148716,224.996,100344
33,2024-01-06_18:00:00,38.9176,39.0081,0.0232167,0.00252455,0.00222731,0.137486,254.316,3.422,0.383072,197.945,100400
33,2024-01-06_19:00:00,41.2127,41.2702,0.0233051,0.00242857,0.00209734,0.137288,253.174,2.53465,0.544956,192.688,100448
33,2024-01-06_20:00:00,44.348,44.4367,0.0235256,0.0023266,0.0019468,0.13676,252.21,2.51141,0.60572,149.46,100494
33,2024-01-06_21:00:00,48.3927,48.4863,0.0239069,0.00222044,0.00183878,0.135917,251.576,2.46775,0.80383,116.341,100532
33,2024-01-06_22:00:00,51.8008,51.893,0.0241971,0.00213518,0.00176948,0.135232,250.801,1.9848,0.633751,117.631,100578
33,2024-01-06_23:00:00,54.6545,54.7458,0.0244571,0.00205393,0.00167722,0.134521,250.285,2.01574,0.310642,82.6073,100625
33,2024-01-07_00:00:00,56.4431,56.5331,0.0247259,0.00195722,0.00160445,0.133719,249.827,1.59268,-0.0834619,75.1571,100679
34,2024-01-06_00:00:00,1.02901,4.66757,0.026286,0.00597491,0.0125846,0.132809,270.038,3.63586,5.14382,0,98872.7
34,2024-01-06_01:00:00,15.7773,19.4561,0.0238132,0.00443925,0.0111069,0.131006,269.836,3.67581,5.14507,475.199,98950.2
34,2024-01-06_02:00:00,10.4539,18.9032,0.0229587,0.00330798,0.00975312,0.130669,269.345,4.43498,5.48769,597.917,98954.7
34,2024-01-06_03:00:00,74.5581,86.4897,0.0223214,0.0030506,0.00885056,0.131665,269.037,8.17789,5.38449,766.834,99012.2
34,2024-01-06_04:00:00,129.449,137.773,0.0215623,0.00247316,0.00596441,0.134932,266.533,8.26527,2.79613,579.158,99143.5
34,2024-01-06_05:00:00,91.5085,98.3811,0.021418,0.00235092,0.00516925,0.136425,264.406,8.59258,3.55921,398.785,99188.3
34,2024-01-06_06:00:00,56.9203,61.2949,0.0208114,0.00243146,0.00409723,0.138247,263.096,7.61866,3.19553,354.555,99269.9
34,2024-01-06_07:00:00,32.845,35.3806,0.020711,0.00257676,0.0033465,0.139337,262.169,7.64474,2.95634,323.4,99331.9
34,2024-01-06_08:00:00,15.0229,15.8102,0.0213149,0.00270531,0.00281514,0.139255,261.474,7.94921,2.85768,292.251,99385.8
34,2024-01-06_09:00:00,8.30079,8.82051,0.021909,0.00286218,0.00260129,0.138728,260.27,6.89955,2.56679,236.675,99475.8
34,2024-01-06_10:00:00,7.07911,7.38224,0.0222553,0.00304234,0.00256503,0.138211,259.079,5.60481,2.33878,223.881,99577.2
34,2024-01-06_11:00:00,9.06486,9.29484,0.0225565,0.00302743,0.002596,0.137666,258.502,5.19424,2.30987,271.541,99663.2
34,2024-01-06_12:00:00,13.5298,13.7186,0.0226795,0.00295081,0.00262387,0.137484,257.815,5.20236,2.18787,211.158,99722.1
34,2024-01-06_13:00:00,18.3598,18.5104,0.0226209,0.00289268,0.00261512,0.137733,255.978,4.7202,1.84947,154.442,99762.9
34,2024-01-06_14:00:00,21.9725,22.093,0.0225604,0.00283728,0.00256736,0.138045,254.314,4.48069,1.62425,137.433,99806.6
34,2024-01-06_15:00:00,25.0731,25.1747,0.0225927,0.00277388,0.00251558,0.138238,253.184,4.20794,1.33191,125.682,99869.1
34,2024-01-06_16:00:00,29.0706,29.1656,0.0227794,0.00269681,0.00244362,0.138047,251.591,3.92864,0.938704,110.353,99928.8
34,2024-01-06_17:00:00,34.9256,35.0267,0.0232217,0.00257921,0.00239346,0.1373,251.854,3.50896,0.748366,97.528,99983.2
34,2024-01-06_18:00:00,40.6364,40.7459,0.023769,0.00244324,0.00231345,0.136282,249.865,3.02775,1.04292,94.5418,100037
34,2024-01-06_19:00:00,42.4805,42.5866,0.0240742,0.00231447,0.00221801,0.13568,249.681,2.73393,1.14137,72.4118,100079
34,2024-01-06_20:00:00,43.4967,43.573,0.0240493,0.00223607,0.00207594,0.135646,248.455,2.85846,1.21922,55.0915,100126
34,2024-01-06_21:00:00,46.5478,46.6041,0.0242612,0.00214234,0.00195832,0.1351,247.631,2.49951,1.36455,54.7462,100169
34,2024-01-06_22:00:00,49.1679,49.2635,0.0245013,0.00205403,0.00186475,0.13455,246.862,2.52007,1.1871,54.0398,100204
34,2024-01-06_23:00:00,50.6221,50.713,0.0246746,0.00197625,0.00177286,0.133978,246.388,2.20958,0.94374,53.0163,100260
34,2024-01-07_00:00:00,51.4673,51.5531,0.0247514,0.00190049,0.00167116,0.133502,245.414,2.01213,0.451261,72.9463,100315
35,2024-01-06_00:00:00,1.6932,8.40781,0.0270957,0.00551268,0.0118098,0.132684,270.06,3.87065,5.40739,0,99451.8
35,2024-01-06_01:00:00,16.9784,25.4287,0.0251874,0.00433496,0.0105411,0.131237,269.947,3.168,5.34238,433.448,99535.6
35,2024-01-06_02:00:00,13.842,24.548,0.0237725,0.00323135,0.00946977,0.130419,269.743,4.07146,5.66945,471.2,99557.4
35,2024-01-06_03:00:00,54.8928,69.0314,0.0232724,0.00300576,0.00880936,0.130577,269.195,6.38289,4.75854,766.043,99619.3
35,2024-01-06_04:00:00,205.676,217.586,0.0229282,0.00249147,0.00686185,0.132873,266.945,6.59758,3.16961,578.31,99746.7
35,2024-01-06_05:00:00,156.542,166.991,0.0224654,0.00237585,0.00600783,0.134378,264.958,6.00131,3.07894,449.833,99836
35,2024-01-06_06:00:00,100.291,107.439,0.0219977,0.00235627,0.00484863,0.136189,263.683,5.09286,2.95679,432.533,99921.1
35,2024-01-06_07:00:00,60.3851,64.5511,0.0214536,0.00249394,0.00381741,0.138167,262.739,4.88326,2.91052,412.142,99988.1
35,2024-01-06_08:00:00,32.5587,34.3386,0.0215046,0.00263834,0.00304875,0.139077,261.933,4.92374,2.74987,354.807,100044
35,2024-01-06_09:00:00,18.8279,19.8895,0.021937,0.00277287,0.00265775,0.138973,261.058,5.00491,2.67104,313.044,100096
35,2024-01-06_10:00:00,13.3318,13.9215,0.0223309,0.00290388,0.00245747,0.138574,259.965,4.5926,2.50995,291.821,100172
35,2024-01-06_11:00:00,11.3954,11.7614,0.0225359,0.00287913,0.00236844,0.138296,258.911,4.08013,2.42929,267.172,100256
35,2024-01-06_12:00:00,11.8251,11.9364,0.0226322,0.0027964,0.0023344,0.138198,257.953,3.56655,2.16841,232.926,100324
35,2024-01-06_13:00:00,14.2323,14.4089,0.0226564,0.00272596,0.0022937,0.138247,256.9,3.09065,1.78722,211.586,100374
35,2024-01-06_14:00:00,17.4384,17.5676,0.0226989,0.00265163,0.0022473,0.138355,255.94,2.83663,1.58439,207.697,100419
35,2024-01-06_15:00:00,19.9426,20.043,0.0227303,0.00258295,0.00219971,0.138507,254.921,2.50816,1.35218,209.791,100470
35,2024-01-06_16:00:00,23.2387,23.3223,0.022803,0.00252931,0.0022042,0.13853,251.966,2.24664,1.38538,257.592,100526
35,2024-01-06_17:00:00,27.3358,27.4132,0.0229119,0.0024885,0.00223949,0.13841,254.145,2.19432,1.54928,212.106,100582
35,2024-01-06_18:00:00,31.8524,31.9299,0.0230376,0.00245708,0.00225535,0.138182,253.929,2.29025,1.60771,216.157,100635
35,2024-01-06_19:00:00,36.5455,36.6262,0.0232683,0.00237896,0.00221666,0.137789,253.168,2.74,1.26655,134.617,100678
35,2024-01-06_20:00:00,40.6336,40.716,0.0234879,0.00229984,0.00216486,0.137289,251.587,2.30727,0.849602,89.3165,100730
35,2024-01-06_21:00:00,44.6377,44.7004,0.0237634,0.00220947,0.00207756,0.136618,249.223,2.40175,0.944353,65.2309,100774
35,2024-01-06_22:00:00,47.8178,47.9047,0.0240815,0.00210648,0.00192983,0.135783,247.662,2.31149,0.785627,59.212,100806
35,2024-01-06_23:00:00,50.8912,50.979,0.0244335,0.00201145,0.00185841,0.134966,246.901,2.00934,0.586177,59.7947,100857
35,2024-01-07_00:00:00,52.8576,52.9455,0.0246487,0.00192853,0.00178046,0.134335,246.465,1.653,0.184619,60.674,100909
36,2024-01-06_00:00:00,1.65382,8.61117,0.0261465,0.00562251,0.0122671,0.132395,270.11,3.87883,5.56386,0,99437
36,2024-01-06_01:00:00,16.3571,18.5657,0.0242717,0.00439722,0.0107761,0.131003,269.528,3.89751,6.51665,431.439,99509.9
36,2024-01-06_02:00:00,15.7085,17.5045,0.0234866,0.00332124,0.00996411,0.130115,269.229,5.08019,7.14891,459.637,99519.9
36,2024-01-06_03:00:00,96.0029,110.288,0.0229793,0.00314335,0.00922303,0.130935,268.382,8.20124,4.97586,638.746,99585
36,2024-01-06_04:00:00,212.55,224.659,0.0227828,0.00253654,0.00705653,0.133026,265.548,7.92195,3.80766,465.495,99704.6
36,2024-01-06_05:00:00,148.447,158.595,0.022448,0.00236804,0.00601066,0.134516,263.727,7.58874,3.8391,348.201,99770.3
36,2024-01-06_06:00:00,95.5408,102.25,0.0219933,0.00226693,0.00476899,0.136399,262.56,6.69949,3.2488,325.064,99850.3
36,2024-01-06_07:00:00,55.2929,59.0252,0.0214972,0.00235916,0.00366262,0.138357,261.676,6.29673,2.97795,295.735,99920.6
36,2024-01-06_08:00:00,29.369,31.1953,0.0216333,0.00249917,0.00292475,0.139124,260.857,6.18168,3.01692,245.898,99987
36,2024-01-06_09:00:00,17.4888,18.4034,0.0220655,0.00268421,0.00255004,0.138911,259.711,5.1061,2.95275,228.295,100080
36,2024-01-06_10:00:00,12.9426,13.464,0.0224129,0.00287834,0.00238782,0.138557,257.482,4.43599,2.95093,205.899,100171
36,2024-01-06_11:00:00,11.3215,11.6508,0.0225979,0.00288353,0.00233337,0.138311,256.34,4.57377,3.22958,167.353,100249
36,2024-01-06_12:00:00,12.2084,12.4154,0.0226756,0.00280627,0.0023167,0.138277,255.329,4.59342,3.21497,144.506,100304
36,2024-01-06_13:00:00,15.2709,15.4235,0.0227408,0.00273521,0.00231593,0.138326,254.393,4.66293,3.0381,129.382,100346
36,2024-01-06_14:00:00,19.3287,19.4404,0.0228348,0.00266694,0.00231783,0.138416,253.265,4.47223,2.83679,117.899,100391
36,2024-01-06_15:00:00,23.3739,23.4636,0.0229595,0.00260649,0.00232487,0.138452,252.146,4.21108,2.48217,107.007,100446
36,2024-01-06_16:00:00,28.1903,28.2707,0.0231174,0.0025637,0.00236262,0.138352,250.845,3.94669,1.92898,98.588,100501
36,2024-01-06_17:00:00,33.0057,33.0847,0.0232599,0.00253808,0.00239586,0.138164,250.564,3.70617,1.14296,91.2573,100562
36,2024-01-06_18:00:00,37.3948,37.4754,0.023436,0.00247323,0.0023682,0.137838,250.485,3.15327,0.798293,77.2897,100624
36,2024-01-06_19:00:00,41.6643,41.7477,0.0237076,0.00237754,0.00233773,0.137251,249.234,3.1531,1.23848,74.0661,100667
36,2024-01-06_20:00:00,43.6413,43.7247,0.0238365,0.00228463,0.00224843,0.136841,248.511,3.152,1.17996,58.4995,100713
36,2024-01-06_21:00:00,47.7158,47.7997,0.024147,0.00218642,0.00208093,0.136049,247.359,3.22857,0.846538,57.3056,100753
36,2024-01-06_22:00:00,51.7905,51.8749,0.0245809,0.00208477,0.00200451,0.135083,246.517,3.30112,0.504406,54.7018,100788
36,2024-01-06_23:00:00,54.6681,54.7487,0.0248019,0.00201099,0.00191644,0.134502,246.716,2.94706,-0.225574,53.0512,100844
36,2024-01-07_00:00:00,57.4359,57.5141,0.0248975,0.00194595,0.00177189,0.133962,244.837,2.56766,-0.91082,51.7882,100897
37,2024-01-06_00:00:00,1.81547,9.44832,0.0265196,0.0054902,0.0120016,0.13242,270.1,3.92759,5.58468,0,99268.5
37,2024-01-06_01:00:00,16.5868,19.5728,0.0249042,0.00449801,0.0108057,0.131328,269.426,3.71997,6.29277,418.087,99352.5
37,2024-01-06_02:00:00,15.0784,17.1752,0.0236804,0.00324197,0.00961118,0.130196,268.962,4.54818,6.87498,446.579,99366.8
37,2024-01-06_03:00:00,81.1149,96.0966,0.0231463,0.00313196,0.00919037,0.130635,268.388,7.53426,5.14532,675.549,99429.2
37,2024-01-06_04:00:00,221.592,234.098,0.0230902,0.00249825,0.00706006,0.132728,265.715,7.47184,3.77585,482.502,99552
37,2024-01-06_05:00:00,161.905,172.654,0.0226742,0.00235381,0.0060818,0.13421,263.672,6.31722,4.06919,348.418,99628.5
37,2024-01-06_06:00:00,106.788,114.143,0.0222772,0.0022785,0.00491999,0.135934,262.458,4.73968,3.6395,328.336,99720.6
37,2024-01-06_07:00:00,65.0309,69.2623,0.0217692,0.00242454,0.00381527,0.13792,261.63,5.00129,3.70631,303.342,99776.5
37,2024-01-06_08:00:00,35.9237,38.045,0.0217956,0.00247819,0.0029855,0.138967,260.727,5.16197,3.67585,248.056,99837.5
37,2024-01-06_09:00:00,21.128,22.1761,0.0220896,0.00265887,0.00257111,0.139041,259.326,4.90797,3.31586,216.508,99918.1
37,2024-01-06_10:00:00,14.3526,14.9141,0.0223987,0.00286513,0.00242125,0.138749,257.832,5.34891,3.29697,186.835,99989.9
37,2024-01-06_11:00:00,11.8853,12.2328,0.0225956,0.00286821,0.00235912,0.138471,256.756,5.48831,3.36441,153.028,100060
37,2024-01-06_12:00:00,12.0544,12.1782,0.0226759,0.0027846,0.00231871,0.138393,255.558,5.13964,3.19039,134.85,100112
37,2024-01-06_13:00:00,13.6237,13.7868,0.0227093,0.00269625,0.0022293,0.138465,253.691,4.3033,2.83583,121.891,100156
37,2024-01-06_14:00:00,14.8721,14.9921,0.0227055,0.00259766,0.00214327,0.138669,251.056,3.42487,2.91349,116.071,100205
37,2024-01-06_15:00:00,16.7621,16.8546,0.0227778,0.00250401,0.00208831,0.138795,250.45,3.00651,2.80681,110.543,100265
37,2024-01-06_16:00:00,20.1437,20.2195,0.0228685,0.00244356,0.00207321,0.138804,248.897,2.96077,2.3139,98.386,100315
37,2024-01-06_17:00:00,24.2077,24.2769,0.0229546,0.00241055,0.00210406,0.138719,249.075,2.28579,2.00451,93.1215,100374
37,2024-01-06_18:00:00,28.8674,28.9371,0.0231088,0.00238645,0.00215509,0.138523,249.478,1.89355,1.91761,84.6187,100436
37,2024-01-06_19:00:00,33.5453,33.6176,0.0233146,0.00231877,0.00212546,0.138081,248.964,2.61255,2.0331,78.112,100480
37,2024-01-06_20:00:00,41.6849,41.7656,0.0238209,0.00225956,0.00222502,0.137012,248.919,3.36404,1.25633,65.4677,100523
37,2024-01-06_21:00:00,48.0685,48.157,0.0243236,0.00216274,0.00220689,0.135814,247.806,3.05613,0.677996,59.9201,100567
37,2024-01-06_22:00:00,54.1065,54.199,0.025027,0.00202633,0.00214212,0.134364,247.394,2.52927,0.518906,58.4691,100604
37,2024-01-06_23:00:00,57.5587,57.6459,0.0253842,0.00193249,0.00207661,0.133519,246.648,2.78931,-0.443279,55.9495,100647
37,2024-01-07_00:00:00,59.9549,60.0356,0.0254666,0.00187077,0.00195149,0.133033,245.517,2.61154,-1.21162,52.5771,100699
38,2024-01-06_00:00:00,1.62668,8.08843,0.0268809,0.0055745,0.0119496,0.132655,270.061,3.83746,5.42869,0,99794.4
38,2024-01-06_01:00:00,17.6706,26.7267,0.0251204,0.00448517,0.0104812,0.131377,269.943,3.25866,6.11703,416.115,99874.7
38,2024-01-06_02:00:00,13.5516,24.3945,0.0237146,0.00331628,0.00961096,0.130335,269.838,4.146,6.36492,444.426,99891.9
38,2024-01-06_03:00:00,57.0787,71.3981,0.0230346,0.00309199,0.00917924,0.130561,269.593,6.55182,4.94286,772.348,99958.7
38,2024-01-06_04:00:00,203.986,215.752,0.0227892,0.0025037,0.00696281,0.132976,267.476,6.90201,3.37773,600.116,100089
38,2024-01-06_05:00:00,154.91,165.278,0.0223813,0.00238809,0.00610025,0.134419,265.632,6.37915,3.13864,490.397,100173
38,2024-01-06_06:00:00,98.4406,105.49,0.0219334,0.00233577,0.00486575,0.136254,264.436,5.80441,2.72825,455.625,100246
38,2024-01-06_07:00:00,57.8069,61.833,0.0213662,0.00248745,0.00376398,0.138272,263.562,5.11361,2.48577,440.743,100331
38,2024-01-06_08:00:00,31.1393,32.1,0.021453,0.00263469,0.00300988,0.139101,262.785,4.65277,2.47095,401.62,100403
38,2024-01-06_09:00:00,18.942,20.0241,0.0219171,0.00276146,0.0026181,0.138941,261.85,3.98928,2.72477,377.133,100477
38,2024-01-06_10:00:00,13.5363,14.1447,0.0222953,0.00289516,0.00241345,0.138581,260.56,3.96429,2.79821,348.148,100550
38,2024-01-06_11:00:00,11.3758,11.751,0.0225048,0.00287623,0.00232715,0.138309,259.288,3.83118,2.70865,302.441,100625
38,2024-01-06_12:00:00,11.6233,11.6915,0.0225927,0.0027899,0.00228321,0.138225,258.275,3.58864,2.53007,271.478,100677
38,2024-01-06_13:00:00,13.6348,13.8143,0.0226244,0.00271665,0.00224298,0.138265,257.307,3.17159,2.2186,263.165,100722
38,2024-01-06_14:00:00,16.6793,16.809,0.0226755,0.00264062,0.00219918,0.138372,256.273,2.78499,2.02347,264.742,100773
38,2024-01-06_15:00:00,19.6394,19.7387,0.0227339,0.0025709,0.00216702,0.138488,255.59,2.59523,1.80013,267.132,100834
38,2024-01-06_16:00:00,24.0527,24.1362,0.0228555,0.00252376,0.00219957,0.138444,255.197,2.42527,1.67134,305.867,100891
38,2024-01-06_17:00:00,29.2263,29.306,0.0230052,0.00249699,0.00229228,0.138236,255.041,2.47268,1.56277,317.923,100954
38,2024-01-06_18:00:00,33.3769,33.4569,0.0231245,0.00245848,0.00229917,0.138022,254.56,2.44549,1.47186,286.461,101008
38,2024-01-06_19:00:00,36.5466,36.6266,0.0232806,0.0023722,0.00222751,0.137768,253.725,2.56333,1.64852,237.196,101052
38,2024-01-06_20:00:00,40.6471,40.7264,0.0234874,0.00230398,0.00217775,0.137247,253.072,2.51988,1.07319,179.894,101102
38,2024-01-06_21:00:00,43.8419,43.8806,0.0236872,0.0022142,0.0020291,0.136661,252.209,2.21783,1.00594,134.741,101148
38,2024-01-06_22:00:00,47.2201,47.3073,0.0240255,0.00211199,0.00190731,0.135819,251.686,2.08874,0.503568,95.6877,101180
38,2024-01-06_23:00:00,50.1236,50.2118,0.0243285,0.00202078,0.00182592,0.135114,251.663,1.8239,-0.0535981,91.5833,101229
38,2024-01-07_00:00:00,52.0817,52.1699,0.0245859,0.0019369,0.00174042,0.134353,251.293,1.64741,-0.42543,87.0915,101284
39,2024-01-06_00:00:00,1.96966,9.86356,0.0276563,0.00529518,0.0113617,0.132697,270.066,3.98661,5.39201,0,98663.6
39,2024-01-06_01:00:00,15.5142,24.0246,0.0253355,0.00399804,0.00986028,0.131055,269.622,4.38156,5.80658,465.306,98745.2
39,2024-01-06_02:00:00,15.1244,25.7072,0.0240778,0.0029326,0.00868856,0.130501,269.129,5.10978,6.22567,542.023,98763.4
39,2024-01-06_03:00:00,43.9105,58.0835,0.0239317,0.00274306,0.00819775,0.130494,268.714,7.10922,4.92235,771.682,98823.3
39,2024-01-06_04:00:00,213.902,226.437,0.0235123,0.00244071,0.00707432,0.132459,266.874,7.88293,3.32253,575.646,98925.6
39,2024-01-06_05:00:00,160.891,171.362,0.0227508,0.00231211,0.00610267,0.134527,264.653,8.27127,3.63757,410.7,98981.8
39,2024-01-06_06:00:00,102.164,109.187,0.0221475,0.00235847,0.00502184,0.136387,263.287,8.08743,3.29962,365.85,99050.6
39,2024-01-06_07:00:00,63.171,67.3038,0.0216593,0.00250622,0.00399093,0.138183,262.191,8.79792,3.40954,330.737,99080.1
39,2024-01-06_08:00:00,35.5737,37.705,0.0218029,0.00260857,0.00318831,0.138969,261.486,7.86343,3.05196,307.851,99158.5
39,2024-01-06_09:00:00,21.1495,22.2205,0.0221654,0.00274393,0.00275611,0.138944,260.484,6.06612,2.87862,338.05,99251.4
39,2024-01-06_10:00:00,14.8983,15.4975,0.0224588,0.00288044,0.00255798,0.138709,259.085,4.219,2.41196,349.729,99354.2
39,2024-01-06_11:00:00,12.2697,12.6449,0.0226507,0.00285374,0.00248301,0.138452,258.428,3.92391,2.37271,355.677,99434.9
39,2024-01-06_12:00:00,12.0874,12.308,0.0227686,0.00276559,0.00245512,0.138305,257.41,3.66359,2.19386,360.809,99484.6
39,2024-01-06_13:00:00,13.8387,14.0159,0.0227959,0.00268556,0.0024023,0.138356,255.267,3.03375,1.89382,343.662,99526.5
39,2024-01-06_14:00:00,16.5576,16.6872,0.0228496,0.00261359,0.00236575,0.138482,253.779,3.02587,2.04169,275.656,99570.1
39,2024-01-06_15:00:00,19.3057,19.4065,0.0229217,0.00254268,0.00233582,0.138544,252.84,2.86138,1.92823,275.431,99621.1
39,2024-01-06_16:00:00,22.0753,22.1599,0.0229791,0.00248188,0.00230992,0.138576,251.975,2.24957,1.37663,220.473,99679.7
39,2024-01-06_17:00:00,25.829,25.9078,0.0230392,0.00246134,0.00234245,0.138505,252.518,2.74289,1.33049,143.793,99736.6
39,2024-01-06_18:00:00,30.4976,30.5779,0.0231992,0.00243294,0.00233464,0.138168,252.281,3.34543,1.16023,78.5893,99785.4
39,2024-01-06_19:00:00,34.9746,35.0586,0.0234094,0.0023623,0.00228457,0.137714,249.728,3.30059,0.920207,67.5741,99824.6
39,2024-01-06_20:00:00,39.8311,39.9194,0.02379,0.00224084,0.00223599,0.136938,249.403,2.53423,0.809219,68.9611,99868.3
39,2024-01-06_21:00:00,42.381,42.4694,0.0240169,0.00214492,0.00216015,0.136405,248.248,2.83751,0.743963,58.6059,99906.6
39,2024-01-06_22:00:00,46.2109,46.2997,0.0243274,0.00205868,0.00214362,0.135546,247.531,2.80677,0.682059,56.6882,99936
39,2024-01-06_23:00:00,51.3175,51.4092,0.0248492,0.0019453,0.00209552,0.134328,246.355,2.30295,0.280675,55.0169,99989
39,2024-01-07_00:00:00,56.6353,56.724,0.0254,0.00183933,0.00206812,0.133174,246.149,1.79524,0.278773,76.7408,100037
40,2024-01-06_00:00:00,1.73156,8.62838,0.0271291,0.00548783,0.0117699,0.132673,270.061,3.88306,5.42023,0,99500.9
40,2024-01-06_01:00:00,16.901,25.4911,0.0252089,0.00431427,0.01057,0.131234,269.967,3.15388,5.50487,434.789,99586.6
40,2024-01-06_02:00:00,14.1485,24.9555,0.0237638,0.00320999,0.00947236,0.130418,269.782,4.03462,5.78728,473.884,99609.3
40,2024-01-06_03:00:00,55.0099,69.2364,0.0232828,0.0029847,0.00880351,0.130574,269.279,6.58424,4.89114,777.488,99673.9
40,2024-01-06_04:00:00,209.4,221.49,0.0229632,0.00248677,0.00685274,0.132811,267.033,6.90146,3.39055,573.714,99797.7
40,2024-01-06_05:00:00,159.379,169.932,0.0224864,0.0023699,0.006007,0.13437,265.097,6.35188,3.378,445.601,99887
40,2024-01-06_06:00:00,101.946,109.138,0.0220096,0.00235732,0.00486463,0.136192,263.855,5.37958,3.19805,428.151,99974.9
40,2024-01-06_07:00:00,61.7026,65.898,0.0214755,0.00249807,0.00384673,0.13815,262.93,5.04846,3.08196,424.108,100049
40,2024-01-06_08:00:00,33.386,35.5042,0.0215523,0.00262729,0.00306884,0.139056,262.11,5.1156,2.85902,368.663,100106
40,2024-01-06_09:00:00,19.18,20.2387,0.0219887,0.00277056,0.00267851,0.138958,261.218,5.22577,2.80259,323.378,100155
40,2024-01-06_10:00:00,13.4261,14.0072,0.0223792,0.00290349,0.00249279,0.138567,260.129,4.92957,2.73582,299.868,100228
40,2024-01-06_11:00:00,11.5588,11.9209,0.022573,0.00287797,0.0024096,0.138306,259.138,4.40918,2.68518,274.562,100314
40,2024-01-06_12:00:00,12.1697,12.2941,0.022681,0.00279754,0.00238402,0.138185,258.251,3.97222,2.42985,238.561,100380
40,2024-01-06_13:00:00,14.8448,15.0193,0.0227113,0.00272676,0.00233884,0.138219,257.123,3.41161,1.90196,215.936,100430
40,2024-01-06_14:00:00,17.9611,18.0899,0.0227413,0.00264993,0.00227458,0.138342,253.712,2.64852,1.47805,205.121,100473
40,2024-01-06_15:00:00,20.3318,20.4324,0.0227643,0.00258014,0.00222923,0.138506,252.168,2.52201,1.31473,242.022,100521
40,2024-01-06_16:00:00,23.3944,23.4784,0.0228274,0.00252913,0.00223153,0.138553,251.233,2.26305,1.2832,166.017,100574
40,2024-01-06_17:00:00,27.3947,27.4722,0.0229115,0.00249156,0.00226404,0.138454,252.189,2.05983,1.52682,146.081,100633
40,2024-01-06_18:00:00,32.0064,32.0844,0.0230444,0.00246001,0.0022744,0.13822,251.94,2.09171,1.56523,141.048,100688
40,2024-01-06_19:00:00,37.381,37.4634,0.02331,0.00237982,0.002237,0.137749,250.998,2.58294,1.08357,87.0628,100731
40,2024-01-06_20:00:00,41.245,41.3283,0.0235373,0.00229439,0.00216868,0.137246,249.803,2.607,0.820427,74.1422,100783
40,2024-01-06_21:00:00,44.8012,44.881,0.0237966,0.00220274,0.00210252,0.136584,248.786,2.44015,0.895614,69.9557,100827
40,2024-01-06_22:00:00,48.6516,48.7392,0.024162,0.00210012,0.00195196,0.135645,247.728,2.32847,0.718475,60.0729,100859
40,2024-01-06_23:00:00,51.7673,51.8551,0.024518,0.00200709,0.00186127,0.134806,247.225,2.02783,0.60059,60.2577,100911
40,2024-01-07_00:00:00,53.8731,53.9604,0.0247268,0.00192544,0.00178417,0.134193,246.715,1.5938,0.368363,62.6265,100962
41,2024-01-06_00:00:00,1.31712,6.16834,0.0270036,0.00572457,0.012109,0.132867,270.038,3.78495,5.16696,0,98167.7
41,2024-01-06_01:00:00,15.9961,22.0768,0.0246014,0.00422761,0.0104071,0.138653,269.282,4.43621,5.46915,452.588,98244.5
41,2024-01-06_02:00:00,10.7157,18.6877,0.0236968,0.00321495,0.00946366,0.138209,269.135,5.3994,5.95636,481.391,98245.6
41,2024-01-06_03:00:00,57.0291,69.9657,0.022864,0.00303514,0.00914864,0.132798,268.903,7.80978,4.90226,740.947,98290.9
41,2024-01-06_04:00:00,162.551,171.966,0.022206,0.00247053,0.00648596,0.134188,267.113,8.36056,2.96404,606.329,98404.1
41,2024-01-06_05:00:00,108.01,115.682,0.0216441,0.00236803,0.00549586,0.136138,265.123,8.3973,2.68057,488.433,98465.1
41,2024-01-06_06:00:00,60.6846,65.2901,0.0209196,0.00243443,0.00425975,0.138184,263.707,8.18122,2.75633,410.098,98526.4
41,2024-01-06_07:00:00,33.9887,36.5776,0.0207452,0.00260136,0.00348705,0.139285,262.738,8.22469,2.62688,368.871,98579
41,2024-01-06_08:00:00,16.7532,17.4861,0.0215562,0.00271601,0.00297456,0.138752,261.987,7.58865,2.16872,349.083,98663.6
41,2024-01-06_09:00:00,9.57178,10.1548,0.0224622,0.00281703,0.00274355,0.137743,261.281,6.59381,1.73399,338.815,98755.6
41,2024-01-06_10:00:00,8.24646,8.58905,0.0229743,0.0029342,0.00269132,0.13704,260.457,6.52856,1.61596,307.031,98824.5
41,2024-01-06_11:00:00,10.2033,10.4648,0.0232707,0.00289995,0.00270672,0.136443,259.739,6.08672,1.76026,293.234,98898.3
41,2024-01-06_12:00:00,15.1698,15.384,0.0234019,0.00281688,0.00273591,0.136271,259.101,5.59155,1.79994,282.447,98959.4
41,2024-01-06_13:00:00,21.3542,21.5274,0.0233806,0.00275711,0.00273271,0.136422,258.389,5.23574,1.64176,267.762,99006.8
41,2024-01-06_14:00:00,26.0815,26.2207,0.0232882,0.00271464,0.0027049,0.136641,257.527,5.03694,1.47712,254.424,99050.3
41,2024-01-06_15:00:00,29.1142,29.2298,0.0232316,0.00267139,0.00266194,0.137123,256.798,4.9217,1.17945,246.171,99101.7
41,2024-01-06_16:00:00,32.6357,32.7403,0.0233023,0.00262343,0.00260966,0.137264,256.199,4.73495,0.557335,237.465,99156.5
41,2024-01-06_17:00:00,38.158,38.2667,0.0237479,0.00252147,0.00256322,0.136655,255.528,4.55573,0.318197,205.546,99208.1
41,2024-01-06_18:00:00,43.8353,43.9507,0.0243491,0.00236726,0.00249179,0.135401,254.958,4.21636,0.220078,192.057,99259.6
41,2024-01-06_19:00:00,46.5598,46.6725,0.024779,0.00222316,0.00238526,0.13438,254.312,4.07779,0.445422,173.115,99302.4
41,2024-01-06_20:00:00,46.5266,46.6132,0.0247147,0.00215087,0.00226571,0.134094,253.543,3.28462,0.843527,152.004,99353.2
41,2024-01-06_21:00:00,47.874,47.9085,0.024877,0.00206098,0.00217279,0.133716,252.778,3.15712,1.21125,134.028,99393.9
41,2024-01-06_22:00:00,50.8122,50.9033,0.0254813,0.00190717,0.00213648,0.133505,252.234,3.24435,1.01541,119.139,99422.5
41,2024-01-06_23:00:00,52.5362,52.6268,0.0258306,0.0018011,0.00205073,0.13185,251.853,3.06728,0.534217,91.9776,99474
41,2024-01-07_00:00:00,53.8452,53.9292,0.0262734,0.00168631,0.00200964,0.13099,251.636,2.93451,-0.0598736,85.0901,99523.9
42,2024-01-06_00:00:00,1.9225,9.99755,0.0267674,0.00540401,0.0118214,0.132438,270.094,3.96049,5.59057,0,99203.1
42,2024-01-06_01:00:00,16.1223,19.812,0.0251422,0.00440039,0.0109317,0.131279,269.511,3.98659,6.00472,430.384,99286.9
42,2024-01-06_02:00:00,15.8983,18.7228,0.0238636,0.00313726,0.009431,0.130248,269.09,4.87482,6.74426,461.822,99301.4
42,2024-01-06_03:00:00,69.9386,85.0035,0.0233103,0.00305055,0.00894536,0.130498,268.55,7.0951,4.98893,732.33,99369.5
42,2024-01-06_04:00:00,225.8,238.53,0.02333,0.00245958,0.00706247,0.132578,265.847,7.39764,3.53985,527.55,99488.8
42,2024-01-06_05:00:00,165.441,176.285,0.022791,0.00233231,0.00613597,0.134196,263.963,6.66163,3.77961,367.242,99566
42,2024-01-06_06:00:00,106.727,113.974,0.022309,0.00227762,0.00499064,0.136056,262.8,6.31145,3.61077,327.221,99640.1
42,2024-01-06_07:00:00,64.6333,68.7741,0.0218229,0.00240202,0.00387204,0.137993,261.775,6.87952,3.50531,278.916,99682
42,2024-01-06_08:00:00,36.0987,38.182,0.0218799,0.00248306,0.00304346,0.138968,260.883,6.53438,3.32903,236.692,99748.1
42,2024-01-06_09:00:00,21.648,22.6913,0.0221585,0.00265314,0.00262127,0.139031,259.687,5.65945,3.21602,225.007,99829.5
42,2024-01-06_10:00:00,15.0931,15.6717,0.0224377,0.00285198,0.00245602,0.138792,257.624,5.13859,3.08533,189.575,99904.6
42,2024-01-06_11:00:00,12.387,12.751,0.0226263,0.00284773,0.00238376,0.138547,256.857,4.67,3.14615,157.285,99986.9
42,2024-01-06_12:00:00,11.9231,12.0196,0.0226922,0.00276219,0.00235034,0.138495,254.632,3.80529,2.7934,141.634,100050
42,2024-01-06_13:00:00,13.1055,13.2746,0.0227166,0.00268026,0.00230466,0.138596,253.637,3.5042,2.67989,127.048,100098
42,2024-01-06_14:00:00,15.5257,15.6473,0.0227892,0.00260186,0.00227209,0.1387,252.403,3.57365,2.52185,111.974,100144
42,2024-01-06_15:00:00,18.3042,18.3983,0.022894,0.00252435,0.00223524,0.13874,251.39,3.73064,2.24726,99.6702,100191
42,2024-01-06_16:00:00,21.0444,21.1226,0.0229768,0.00246443,0.00219457,0.138761,249.606,3.45738,1.83163,93.9293,100237
42,2024-01-06_17:00:00,25.1113,25.1836,0.0230802,0.00242454,0.00219981,0.138615,249.13,2.94038,1.32553,87.9151,100300
42,2024-01-06_18:00:00,30.3521,30.4265,0.0232521,0.00239071,0.00224225,0.138313,250.352,2.77905,1.07883,68.6869,100362
42,2024-01-06_19:00:00,35.2613,35.339,0.0235087,0.00230458,0.00218871,0.137784,249.496,3.15954,1.23895,64.812,100403
42,2024-01-06_20:00:00,38.017,38.0921,0.0236015,0.00223636,0.00207322,0.137476,249.051,3.25499,1.19088,56.4503,100451
42,2024-01-06_21:00:00,44.1194,44.1998,0.0239027,0.00218665,0.00217962,0.136595,247.747,2.6796,1.18042,55.9093,100497
42,2024-01-06_22:00:00,52.1058,52.1961,0.0248214,0.0020453,0.00219585,0.134769,247.459,2.79584,0.398244,59.0884,100522
42,2024-01-06_23:00:00,58.848,58.9394,0.0257131,0.00188785,0.00219332,0.132981,246.906,2.87706,-0.489601,60.2045,100564
42,2024-01-07_00:00:00,60.5859,60.6686,0.0257512,0.0018316,0.00205612,0.132587,245.878,2.138,-0.952548,87.5191,100625
43,2024-01-06_00:00:00,1.07909,4.82806,0.0267129,0.00589176,0.0123994,0.132915,270.036,3.69227,5.04352,0,98438.3
43,2024-01-06_01:00:00,15.7176,20.8531,0.0241606,0.00435201,0.0105473,0.131049,269.571,4.09424,5.55268,456.306,98509.8
43,2024-01-06_02:00:00,9.97382,16.8572,0.0232041,0.00324262,0.00927837,0.130947,269.427,4.63677,5.79088,551.981,98518
43,2024-01-06_03:00:00,61.7279,73.6381,0.0225893,0.00297797,0.00869236,0.131597,268.944,8.19343,5.18125,748.169,98570.1
43,2024-01-06_04:00:00,129.477,137.709,0.0216143,0.00246348,0.00594151,0.134926,266.653,8.99952,2.65329,573.68,98684.7
43,2024-01-06_05:00:00,95.6671,102.747,0.0214662,0.00234327,0.00523948,0.136355,264.35,8.04438,2.76004,444.67,98773.9
43,2024-01-06_06:00:00,57.2722,61.6774,0.0207901,0.00244378,0.00411497,0.138278,262.879,8.01369,2.87845,352.615,98821.4
43,2024-01-06_07:00:00,34.0697,36.6977,0.0206877,0.00257001,0.0034019,0.139301,261.863,7.98127,2.83194,312.87,98872.5
43,2024-01-06_08:00:00,16.3162,17.3933,0.0212927,0.00271336,0.00285735,0.139203,261.081,7.00417,2.206,296.613,98971.5
43,2024-01-06_09:00:00,8.73448,9.29893,0.0219616,0.00285696,0.00262114,0.138604,260.36,6.71433,2.17053,269.209,99039.7
43,2024-01-06_10:00:00,7.18851,7.50714,0.0223584,0.00301709,0.00257982,0.138034,259.424,6.72753,2.29008,220.899,99107.7
43,2024-01-06_11:00:00,8.96163,9.19965,0.0226785,0.00300136,0.00261073,0.137457,258.791,6.44815,2.29914,219.862,99184.9
43,2024-01-06_12:00:00,13.477,13.6745,0.0228228,0.00292029,0.0026386,0.137217,258.033,5.87787,2.07646,213.574,99249.9
43,2024-01-06_13:00:00,18.6879,18.8471,0.0227754,0.00286297,0.00263598,0.137424,257.173,5.38317,1.87215,199.874,99298
43,2024-01-06_14:00:00,22.5152,22.6426,0.0226892,0.00281175,0.00259367,0.137788,256.293,4.98709,1.81515,194.206,99342.6
43,2024-01-06_15:00:00,25.4773,25.5843,0.0226831,0.00275131,0.00253964,0.138012,255.41,4.36654,1.49451,191.686,99401.9
43,2024-01-06_16:00:00,28.4899,28.5868,0.0227565,0.0026871,0.00246279,0.138035,254.664,3.70288,1.23253,184.265,99462.8
43,2024-01-06_17:00:00,34.2114,34.3136,0.0232062,0.00257367,0.00242269,0.137289,254.07,3.38334,1.21821,138.334,99517.1
43,2024-01-06_18:00:00,40.363,40.4754,0.0237846,0.00243182,0.00237715,0.136235,251.561,2.78362,0.783667,97.5691,99571
43,2024-01-06_19:00:00,43.3068,43.4203,0.0242903,0.00227805,0.00227857,0.135211,252.647,3.21358,0.851323,96.7833,99611
43,2024-01-06_20:00:00,43.7823,43.8642,0.0242978,0.00219475,0.00215519,0.135132,249.641,2.80964,0.93995,59.5283,99659.9
43,2024-01-06_21:00:00,46.8878,46.9549,0.0245098,0.00210131,0.00205177,0.134644,248.218,2.71391,1.14816,57.8944,99701.1
43,2024-01-06_22:00:00,49.1052,49.2044,0.0246806,0.00201561,0.00194873,0.134176,247.454,2.52675,1.08783,56.3092,99735.9
43,2024-01-06_23:00:00,52.6204,52.7154,0.0251255,0.00190366,0.00191348,0.133239,246.586,2.54919,0.738856,53.9188,99782.3
43,2024-01-07_00:00:00,53.5686,53.6585,0.0253342,0.00182239,0.00182993,0.132581,246.67,2.15521,0.349519,53.5061,99839.6
44,2024-01-06_00:00:00,1.60053,7.68849,0.0274753,0.0055212,0.0117176,0.132859,270.042,3.90251,5.19976,0,99000.9
44,2024-01-06_01:00:00,15.728,22.2502,0.0249047,0.00404487,0.00985084,0.130985,269.612,4.21103,5.11445,456.03,99059.9
44,2024-01-06_02:00:00,11.9347,21.4479,0.0238924,0.00313487,0.00920762,0.130715,268.913,5.60997,5.83119,481.425,99053.6
44,2024-01-06_03:00:00,42.5919,55.9925,0.0234205,0.00292442,0.00875853,0.130685,268.79,8.34274,5.50632,749.355,99108.2
44,2024-01-06_04:00:00,191.308,202.512,0.0228004,0.00247765,0.00697458,0.133062,266.643,8.75577,3.91399,558.254,99223.2
44,2024-01-06_05:00:00,148.065,158.013,0.0222914,0.00238655,0.00614953,0.134579,264.789,8.05288,3.51656,443.062,99311.8
44,2024-01-06_06:00:00,91.3834,98.0549,0.0217484,0.00237745,0.0048718,0.136441,263.526,7.57572,2.77959,436.702,99399
44,2024-01-06_07:00:00,52.0815,55.8362,0.0211467,0.00254434,0.00380551,0.138491,262.65,7.89315,2.85284,413.837,99445.9
44,2024-01-06_08:00:00,27.4898,28.1542,0.0213822,0.00271655,0.00309892,0.13904,261.877,7.2844,3.27958,375.953,99515.6
44,2024-01-06_09:00:00,16.7556,17.7854,0.0219532,0.00281809,0.00272177,0.138681,260.897,5.47978,3.37422,329.697,99615.3
44,2024-01-06_10:00:00,12.594,13.202,0.0223325,0.00291475,0.00251818,0.13813,259.423,4.81699,3.54134,300.043,99700.3
44,2024-01-06_11:00:00,10.9333,11.3188,0.0225274,0.00288014,0.00241247,0.137874,258.495,4.83784,3.57783,266.268,99784.7
44,2024-01-06_12:00:00,11.2799,11.5433,0.0226118,0.00279724,0.0023739,0.137664,257.584,4.61761,3.24503,237.307,99845.4
44,2024-01-06_13:00:00,13.6703,13.8473,0.02265,0.0027311,0.00234915,0.137726,256.211,3.89387,2.77254,169.592,99885.8
44,2024-01-06_14:00:00,16.7821,16.9212,0.0226726,0.0026627,0.00231708,0.137814,253.968,3.10426,2.36352,151.915,99929.6
44,2024-01-06_15:00:00,19.4118,19.5191,0.022687,0.00259619,0.00228406,0.137784,252.126,2.91846,2.44999,145.239,99987
44,2024-01-06_16:00:00,21.7506,21.8394,0.0227244,0.00253571,0.00224758,0.137824,251.642,3.00675,2.2178,138.915,100045
44,2024-01-06_17:00:00,25.0666,25.1466,0.0228171,0.00248473,0.00223418,0.138622,251.019,3.44897,1.7457,111.037,100103
44,2024-01-06_18:00:00,31.5711,31.6533,0.0230374,0.00246164,0.00231078,0.141114,251.258,3.84834,1.29548,85.9256,100149
44,2024-01-06_19:00:00,35.3429,35.4192,0.0232663,0.00237848,0.00227496,0.14083,249.201,3.36832,1.36428,69.9235,100194
44,2024-01-06_20:00:00,37.3029,37.3764,0.0233894,0.0022854,0.00218394,0.137907,248.87,2.73365,1.6421,67.5684,100247
44,2024-01-06_21:00:00,41.5645,41.5843,0.0236263,0.0022089,0.00212451,0.136892,247.903,3.1429,1.50103,60.6049,100286
44,2024-01-06_22:00:00,45.0801,45.1512,0.0239342,0.00210248,0.00201479,0.140401,247.011,3.02953,1.08513,56.1231,100318
44,2024-01-06_23:00:00,48.8602,48.9524,0.0244443,0.00197779,0.00195239,0.153089,246.705,2.73637,0.631345,55.1433,100370
44,2024-01-07_00:00:00,53.7915,53.883,0.0251747,0.00183377,0.00195647,0.164545,246.63,2.33192,0.416578,56.1961,100425
45,2024-01-06_00:00:00,1.86236,9.52611,0.0269357,0.0054317,0.0117784,0.132534,270.078,3.92063,5.53762,0,99814.5
45,2024-01-06_01:00:00,16.7864,24.1027,0.0253052,0.00442327,0.0105556,0.131365,269.675,3.20215,5.81061,423.658,99896.9
45,2024-01-06_02:00:00,15.4142,25.8457,0.0238492,0.00321613,0.00939424,0.130243,269.397,4.10914,6.33992,442.592,99904.3
45,2024-01-06_03:00:00,57.8048,72.5778,0.0233349,0.0030106,0.00883121,0.130465,268.965,6.27601,4.95649,745.084,99983.3
45,2024-01-06_04:00:00,219.823,232.438,0.0232691,0.00247055,0.00703971,0.132538,266.249,6.54615,3.26087,535.458,100114
45,2024-01-06_05:00:00,168.888,179.917,0.0227455,0.00233724,0.00612514,0.134111,264.524,6.16038,3.50285,386.798,100193
45,2024-01-06_06:00:00,108.295,115.758,0.0222859,0.00227262,0.00500765,0.135948,263.368,7.04502,3.82677,329.558,100229
45,2024-01-06_07:00:00,65.9647,70.2919,0.0217608,0.0024051,0.0038912,0.137936,262.391,6.67749,3.59453,309.685,100299
45,2024-01-06_08:00:00,37.1464,39.3839,0.0217798,0.00251051,0.00303679,0.138962,261.445,5.28219,3.31476,285.923,100397
45,2024-01-06_09:00:00,22.1491,23.275,0.0220631,0.00266385,0.00257444,0.139052,259.837,4.19294,3.21285,231.419,100476
45,2024-01-06_10:00:00,15.207,15.821,0.0223547,0.00286047,0.00238789,0.138819,256.589,3.24284,2.87619,209.248,100576
45,2024-01-06_11:00:00,12.3305,12.7084,0.0225614,0.00285306,0.00233024,0.138557,256.231,3.23492,2.98189,228.736,100658
45,2024-01-06_12:00:00,11.9281,12.0111,0.0226577,0.00277331,0.00232546,0.138454,255.198,3.51681,2.8814,152.384,100709
45,2024-01-06_13:00:00,13.9565,14.1292,0.0227375,0.00269437,0.00230937,0.138437,254.231,3.72063,2.55969,125.721,100749
45,2024-01-06_14:00:00,17.0747,17.2012,0.0228262,0.00261255,0.0022812,0.138485,252.837,3.72187,2.2989,110.163,100796
45,2024-01-06_15:00:00,19.2533,19.3522,0.022891,0.00252957,0.00222071,0.138594,251.331,3.55722,2.1177,98.9954,100853
45,2024-01-06_16:00:00,21.6339,21.7156,0.0229525,0.00246592,0.00218761,0.138644,249.88,3.46863,1.90936,94.028,100905
45,2024-01-06_17:00:00,25.777,25.852,0.0230534,0.00242566,0.00218893,0.13852,249.721,2.76771,1.38058,87.3768,100970
45,2024-01-06_18:00:00,31.1858,31.2631,0.023242,0.00240061,0.00223909,0.138172,250.691,2.56894,1.42072,78.8297,101024
45,2024-01-06_19:00:00,36.2182,36.2992,0.0235485,0.00230918,0.00219079,0.137605,249.994,2.90795,1.52302,77.239,101061
45,2024-01-06_20:00:00,38.9703,39.0498,0.0237082,0.00223095,0.00208996,0.13721,248.798,2.99073,1.2856,64.282,101114
45,2024-01-06_21:00:00,44.2954,44.3786,0.023912,0.00218366,0.00217995,0.136542,248.198,2.93475,1.10011,64.0437,101159
45,2024-01-06_22:00:00,51.4755,51.5661,0.0246778,0.00205302,0.00212807,0.134938,247.549,3.0501,0.0258056,59.1796,101186
45,2024-01-06_23:00:00,52.9815,53.0659,0.0247572,0.00198822,0.00199194,0.134541,246.368,2.74835,-0.665323,56.2502,101245
45,2024-01-07_00:00:00,55.3166,55.3967,0.0247819,0.00193657,0.00185411,0.134208,245.459,2.65902,-1.00749,55.7437,101299
46,2024-01-06_00:00:00,1.3758,6.9003,0.0260532,0.00580269,0.0124586,0.132532,270.077,3.75139,5.45104,0,99634.8
46,2024-01-06_01:00:00,17.1096,24.0938,0.0240341,0.00447618,0.0113432,0.130947,270.088,3.27086,4.79,444.636,99716
46,2024-01-06_02:00:00,13.6517,24.5328,0.0232888,0.00333516,0.0101037,0.13035,270.091,3.97499,5.20164,511.071,99734.8
46,2024-01-06_03:00:00,103.385,116.173,0.0226367,0.00303426,0.00893749,0.131549,269.518,6.9821,3.9652,755.662,99795.6
46,2024-01-06_04:00:00,179.078,189.455,0.022342,0.00249341,0.00669942,0.133893,267.547,6.79556,2.73139,590.027,99913.4
46,2024-01-06_05:00:00,118.558,127.035,0.0218929,0.00236572,0.00572791,0.135518,265.628,6.74026,2.56009,482.859,99984.8
46,2024-01-06_06:00:00,69.518,74.6648,0.0212458,0.00235308,0.00439076,0.137705,264.451,6.85119,2.45075,434.856,100048
46,2024-01-06_07:00:00,36.4606,39.1318,0.0209607,0.00251661,0.00344752,0.139241,263.58,6.65572,1.96118,384.621,100112
46,2024-01-06_08:00:00,17.6396,18.8619,0.0215768,0.00266175,0.00291717,0.139098,262.874,6.36055,1.60483,367.75,100196
46,2024-01-06_09:00:00,10.704,11.2974,0.0223528,0.00278832,0.00270682,0.138241,262.05,6.03943,1.62032,352.334,100275
46,2024-01-06_10:00:00,9.28383,9.64709,0.0227541,0.00294677,0.00263042,0.137668,261.024,5.37926,1.65511,343.389,100366
46,2024-01-06_11:00:00,10.7146,10.9811,0.0229072,0.0029342,0.00260088,0.137418,260.066,4.93994,1.76967,316.114,100448
46,2024-01-06_12:00:00,14.2236,14.3926,0.0229142,0.00285579,0.00258933,0.137503,259.223,4.73551,1.70281,294.075,100510
46,2024-01-06_13:00:00,19.0926,19.2443,0.0229038,0.0027992,0.00258269,0.137718,258.436,4.52915,1.45661,275.77,100557
46,2024-01-06_14:00:00,22.7832,22.8996,0.0228861,0.00274522,0.00254123,0.137997,257.494,4.18024,1.26345,265.104,100605
46,2024-01-06_15:00:00,25.9603,26.0564,0.0229319,0.00269298,0.00251153,0.138162,256.817,4.08098,0.927619,253.212,100662
46,2024-01-06_16:00:00,29.8257,29.9129,0.0230698,0.00265172,0.00248306,0.138093,256.258,3.37992,0.303045,249.781,100722
46,2024-01-06_17:00:00,34.0216,34.1059,0.0231344,0.00260321,0.00243526,0.137997,255.415,2.86225,-0.359643,266.736,100787
46,2024-01-06_18:00:00,39.0165,39.1065,0.0234364,0.00249551,0.00236843,0.137435,254.783,2.94808,0.082711,206.482,100843
46,2024-01-06_19:00:00,40.8473,40.8958,0.0234841,0.00239997,0.00225647,0.137296,253.748,2.46137,0.337572,198.588,100892
46,2024-01-06_20:00:00,44.6021,44.6886,0.023676,0.00231467,0.00212224,0.136853,252.821,2.43954,0.300572,169.458,100941
46,2024-01-06_21:00:00,46.8518,46.9417,0.0240036,0.00219856,0.00195505,0.136038,252.116,2.04,0.296501,119.549,100978
46,2024-01-06_22:00:00,45.5497,45.6334,0.0239864,0.00212088,0.00179016,0.135815,251.189,1.14319,0.0289906,85.4922,101021
46,2024-01-06_23:00:00,47.1524,47.2327,0.0241637,0.00205247,0.00169411,0.135312,250.487,1.3676,-0.228499,76.4083,101071
46,2024-01-07_00:00:00,49.8969,49.9773,0.0244257,0.00197512,0.00162486,0.134617,249.936,1.55995,-0.740534,76.4109,101126
47,2024-01-06_00:00:00,1.99636,10.154,0.0273627,0.00531371,0.0114902,0.132593,270.074,3.97244,5.49689,0,99527.6
47,2024-01-06_01:00:00,15.6998,25.5211,0.0254816,0.00418903,0.00992723,0.131235,270.059,3.02411,5.14943,468.873,99625.2
47,2024-01-06_02:00:00,15.9071,26.953,0.0240523,0.00298868,0.00864972,0.130366,269.789,3.73366,5.73316,523.29,99637.6
47,2024-01-06_03:00:00,49.0959,63.7315,0.023775,0.00283073,0.00832701,0.130448,269.246,5.3976,4.14081,800.194,99707.3
47,2024-01-06_04:00:00,217.431,230.248,0.0235165,0.0024415,0.00698181,0.132395,267.04,5.26045,2.51349,604.973,99839.5
47,2024-01-06_05:00:00,165,175.74,0.022811,0.00231478,0.00608488,0.134337,265.23,5.49855,2.87751,467.92,99919.5
47,2024-01-06_06:00:00,103.472,110.532,0.0222145,0.00235177,0.00497573,0.136315,263.849,5.43233,2.90769,418.817,99985.3
47,2024-01-06_07:00:00,63.0339,67.101,0.0217304,0.00249001,0.00390576,0.138155,262.902,4.57995,2.5503,424.522,100083
47,2024-01-06_08:00:00,35.6045,37.6799,0.0218629,0.00259265,0.00311945,0.138978,262.051,5.00387,2.78948,370.333,100133
47,2024-01-06_09:00:00,21.3497,22.3906,0.0222109,0.00272711,0.0027082,0.138956,261.214,4.75689,2.64703,313.215,100194
47,2024-01-06_10:00:00,15.1168,15.7026,0.0224759,0.00287179,0.00251867,0.138753,260.089,4.476,2.63283,286.263,100260
47,2024-01-06_11:00:00,12.4361,12.8033,0.0226477,0.00285082,0.00244577,0.138527,259.112,4.28361,2.57741,243.73,100333
47,2024-01-06_12:00:00,12.0802,12.2352,0.0227388,0.00276437,0.0024118,0.138436,258.05,3.70239,2.25651,221.83,100391
47,2024-01-06_13:00:00,13.5329,13.703,0.0227665,0.00268434,0.00235089,0.138509,256.906,3.15845,1.96123,202.685,100432
47,2024-01-06_14:00:00,15.8366,15.9599,0.0228186,0.00261183,0.0023055,0.138651,256.01,3.02932,1.94276,191.129,100472
47,2024-01-06_15:00:00,18.5344,18.6304,0.0228914,0.00253626,0.00226183,0.138692,252.29,2.58642,1.6558,129.474,100526
47,2024-01-06_16:00:00,21.6515,21.7328,0.0229701,0.00247875,0.00223426,0.138691,251.597,1.8628,1.40339,141.956,100593
47,2024-01-06_17:00:00,25.1739,25.2489,0.0230322,0.00244547,0.00224842,0.138622,251.435,0.879395,0.818181,169.703,100652
47,2024-01-06_18:00:00,29.8026,29.8786,0.0231496,0.0024184,0.00227483,0.138341,252.451,1.63492,1.0217,234.557,100710
47,2024-01-06_19:00:00,35.7554,35.8369,0.023418,0.00235341,0.00226013,0.137826,251.597,2.41334,1.09163,83.0974,100756
47,2024-01-06_20:00:00,39.601,39.6857,0.0237092,0.0022411,0.00217107,0.137188,250.311,2.33259,0.529121,80.0054,100808
47,2024-01-06_21:00:00,43.3686,43.4544,0.0239886,0.00215957,0.00211407,0.136468,249.247,1.95072,0.405547,74.9552,100845
47,2024-01-06_22:00:00,43.6612,43.7421,0.023924,0.00209694,0.00199924,0.136263,247.647,1.41843,0.304871,116.513,100880
47,2024-01-06_23:00:00,49.0871,49.1718,0.0244944,0.00197755,0.00197737,0.134911,247.11,1.56003,-0.739544,61.2456,100920
47,2024-01-07_00:00:00,51.4904,51.5709,0.0246101,0.001928,0.00185454,0.134423,245.401,0.959525,-0.652952,87.0721,100982
48,2024-01-06_00:00:00,2.09249,10.8628,0.0271379,0.00527766,0.0115464,0.132464,270.089,4.01033,5.58773,0,99824.5
48,2024-01-06_01:00:00,15.2274,23.3424,0.0254358,0.00421611,0.010142,0.13118,270.031,3.48091,6.31678,413.062,99907.8
48,2024-01-06_02:00:00,16.8665,27.7798,0.0240837,0.0030087,0.00882553,0.130266,269.917,4.42973,7.43993,449.359,99919.7
48,2024-01-06_03:00:00,53.8914,69.3128,0.0237783,0.00290078,0.00835919,0.130353,269.535,7.15757,5.56929,752.863,99993.3
48,2024-01-06_04:00:00,233.196,246.608,0.023687,0.00243231,0.00677008,0.132274,267.603,7.57636,3.90878,595.833,100117
48,2024-01-06_05:00:00,174.789,185.714,0.0229756,0.00231489,0.00595223,0.134095,265.833,7.59482,4.23294,489.189,100195
48,2024-01-06_06:00:00,106.236,113.302,0.0223031,0.00228478,0.00481705,0.136302,264.516,8.40197,4.05372,442.043,100257
48,2024-01-06_07:00:00,62.1015,65.9578,0.0218211,0.00237242,0.00371911,0.13824,263.511,8.6393,3.9894,362.959,100313
48,2024-01-06_08:00:00,35.4126,37.363,0.0219842,0.00248147,0.00297679,0.138972,262.761,7.69304,3.84419,358.509,100405
48,2024-01-06_09:00:00,21.7435,22.7399,0.0222989,0.0026623,0.00259451,0.138947,262.087,6.81973,3.82835,353.549,100488
48,2024-01-06_10:00:00,15.6502,16.2216,0.0225484,0.00284337,0.0024256,0.138752,261.194,6.05721,3.76007,348.761,100574
48,2024-01-06_11:00:00,12.9284,13.2918,0.0227135,0.00283112,0.00235673,0.13853,260.28,5.73869,3.63421,353.033,100658
48,2024-01-06_12:00:00,12.3218,12.5526,0.0227734,0.00274547,0.00232568,0.13851,259.393,5.67199,3.31748,336.872,100710
48,2024-01-06_13:00:00,13.096,13.2619,0.0227734,0.00266507,0.00227486,0.138656,258.483,5.64876,3.17742,301.56,100749
48,2024-01-06_14:00:00,14.8513,14.9697,0.0228219,0.00258821,0.00222264,0.138793,257.71,5.59818,3.13287,273.56,100790
48,2024-01-06_15:00:00,17.8669,17.959,0.0229425,0.0025147,0.00218807,0.138784,257.048,5.41745,2.70516,240.848,100843
48,2024-01-06_16:00:00,21.2112,21.2888,0.0230194,0.00247087,0.0021624,0.138801,256.343,4.6343,1.84914,234.728,100901
48,2024-01-06_17:00:00,26.1476,26.2198,0.0231186,0.00246031,0.00220634,0.138697,255.872,3.92898,1.31653,257.506,100964
48,2024-01-06_18:00:00,30.5745,30.6488,0.0232222,0.00242505,0.00223828,0.13842,255.433,3.4096,1.0451,323.243,101026
48,2024-01-06_19:00:00,35.9197,35.9972,0.0234141,0.00235192,0.00220414,0.138032,255.044,3.5705,1.35152,307.518,101066
48,2024-01-06_20:00:00,39.5863,39.6675,0.0236212,0.00226964,0.00214481,0.137572,254.472,3.46712,1.02795,313.067,101111
48,2024-01-06_21:00:00,42.9306,43.0119,0.023863,0.00218053,0.0020258,0.136869,253.597,3.48298,0.457071,304.961,101149
48,2024-01-06_22:00:00,46.0779,46.1582,0.0239765,0.00211235,0.00197948,0.136227,252.451,2.99143,0.547484,130.973,101190
48,2024-01-06_23:00:00,50.702,50.7855,0.024522,0.00200505,0.00197886,0.135016,251.506,2.55928,0.128201,122.99,101241
48,2024-01-07_00:00:00,55.8649,55.9472,0.0253008,0.00185554,0.00193766,0.133317,250.9,2.21228,-0.467407,125.826,101291
49,2024-01-06_00:00:00,1.88305,9.40109,0.0275,0.00536078,0.0114956,0.132699,270.063,3.95286,5.39291,0,98869.4
49,2024-01-06_01:00:00,15.6981,24.0296,0.0252977,0.00405847,0.00992966,0.13107,269.755,4.01392,5.58457,448.22,98943.1
49,2024-01-06_02:00:00,14.7096,25.3236,0.0240176,0.003022,0.00884254,0.130483,269.462,4.70616,5.77844,518.201,98964.9
49,2024-01-06_03:00:00,48.2915,62.2617,0.0237535,0.00281121,0.00845102,0.130584,268.892,6.3871,4.55845,775.754,99027.2
49,2024-01-06_04:00:00,212.026,224.293,0.0233079,0.00244989,0.00704257,0.132678,266.773,7.11657,3.11646,573.993,99137
49,2024-01-06_05:00:00,156.821,167.201,0.0226276,0.00233891,0.00612495,0.13456,264.766,7.36458,3.36979,429.833,99205.8
49,2024-01-06_06:00:00,101.447,108.497,0.0221051,0.00236937,0.00502449,0.136333,263.33,6.95045,3.08168,364.297,99278.4
49,2024-01-06_07:00:00,62.2545,66.3902,0.0215843,0.00251884,0.00397537,0.138194,262.237,7.70143,3.18945,315.852,99303
49,2024-01-06_08:00:00,34.4598,36.5789,0.0217105,0.00262418,0.00317224,0.139025,261.537,7.32498,2.88832,320.063,99367.4
49,2024-01-06_09:00:00,20.0762,21.1295,0.0220989,0.00276138,0.00274918,0.138951,260.769,6.34505,2.80083,293.575,99446.7
49,2024-01-06_10:00:00,13.9371,14.5151,0.0224453,0.00289511,0.00255814,0.138654,259.809,4.86064,2.43975,304.432,99551.9
49,2024-01-06_11:00:00,11.8797,12.2441,0.0226519,0.00286198,0.00247833,0.13837,259.003,4.09011,2.38142,326.202,99639.3
49,2024-01-06_12:00:00,12.1489,12.3534,0.0227753,0.00277805,0.0024496,0.138195,258.142,3.82981,2.26984,330.559,99692.2
49,2024-01-06_13:00:00,14.434,14.6089,0.022816,0.00270187,0.00238999,0.138213,257.012,3.25127,2.05342,335.778,99734.9
49,2024-01-06_14:00:00,17.4917,17.6213,0.0228558,0.00262485,0.00234355,0.138321,255.916,2.78912,2.044,237.526,99780.3
49,2024-01-06_15:00:00,19.9755,20.0775,0.0228931,0.00255378,0.00231554,0.138465,253.082,2.31254,1.76605,250.742,99835.7
49,2024-01-06_16:00:00,22.511,22.5968,0.0229363,0.00249562,0.00230865,0.138536,251.932,1.96803,1.40803,281.715,99897.2
49,2024-01-06_17:00:00,26.5026,26.5827,0.0230038,0.00247988,0.00234451,0.138468,254.161,2.55845,1.50124,203.154,99955.8
49,2024-01-06_18:00:00,31.9601,32.0431,0.0232083,0.00244925,0.00235951,0.138034,253.952,3.40082,1.31737,126.053,100008
49,2024-01-06_19:00:00,37.3648,37.4536,0.0235121,0.00237043,0.00231944,0.137443,251.056,2.92022,0.728456,72.3133,100050
49,2024-01-06_20:00:00,40.8751,40.9662,0.0238975,0.00223616,0.00223347,0.136691,249.379,2.40183,0.909149,64.9388,100098
49,2024-01-06_21:00:00,43.3384,43.4267,0.0240239,0.00215509,0.00217679,0.136336,248.447,2.52679,0.980331,58.8878,100133
49,2024-01-06_22:00:00,46.2795,46.3683,0.0241984,0.00207604,0.00212277,0.135698,247.045,2.35451,0.951149,56.7694,100166
49,2024-01-06_23:00:00,52.4649,52.5564,0.0249187,0.00194804,0.00205867,0.134186,246.941,2.50671,0.355794,54.8653,100212
49,2024-01-07_00:00:00,54.6744,54.7612,0.0250027,0.00189049,0.00193739,0.133744,245.672,1.69561,0.711948,53.9406,100267
50,2024-01-06_00:00:00,1.73679,8.42442,0.0276646,0.00543155,0.0115424,0.132846,270.046,3.94901,5.21595,0,99675.6
50,2024-01-06_01:00:00,15.1942,21.8267,0.0249568,0.00389835,0.00960252,0.130935,270.227,3.55849,4.89408,461.4,99733
50,2024-01-06_02:00:00,12.9002,22.742,0.023957,0.00304151,0.00893611,0.130732,270.116,4.60612,5.20284,500.384,99727.2
50,2024-01-06_03:00:00,44.246,57.5066,0.023698,0.00279366,0.00846782,0.130722,269.764,6.53151,4.38137,794.161,99779.6
50,2024-01-06_04:00:00,196.764,208.367,0.0230152,0.00246667,0.00704398,0.132935,267.878,6.8389,2.91089,627.061,99902.2
50,2024-01-06_05:00:00,150.143,160.265,0.0224146,0.00235824,0.006183,0.134656,265.965,6.8062,2.94439,505.413,99970.3
50,2024-01-06_06:00:00,94.914,101.776,0.0218513,0.00236403,0.00498193,0.136524,264.581,6.07187,2.28419,483.387,100066
50,2024-01-06_07:00:00,58.3391,62.4583,0.0213399,0.00251789,0.00396103,0.138317,263.586,4.48532,1.61095,493.003,100186
50,2024-01-06_08:00:00,32.415,33.3492,0.0214627,0.00269932,0.00318786,0.139066,262.816,3.94351,2.41034,482.252,100273
50,2024-01-06_09:00:00,18.8342,19.9442,0.0219484,0.00281953,0.00276669,0.138925,262.074,4.2387,2.99307,437.819,100334
50,2024-01-06_10:00:00,13.1402,13.7491,0.0223707,0.00291574,0.00256261,0.138519,261.146,4.49664,3.01901,379.854,100403
50,2024-01-06_11:00:00,11.2521,11.6279,0.022618,0.00287193,0.00248713,0.138178,260.229,4.33797,2.93156,356.528,100491
50,2024-01-06_12:00:00,11.8488,12.1032,0.0227485,0.00278992,0.00246687,0.138022,259.42,4.06412,2.84863,329.71,100557
50,2024-01-06_13:00:00,14.6506,14.8283,0.0227768,0.00272722,0.00244142,0.138069,258.488,3.97639,2.84847,299.679,100598
50,2024-01-06_14:00:00,18.0401,18.176,0.0228022,0.00265606,0.0023924,0.138202,257.51,3.69976,2.63076,279.537,100641
50,2024-01-06_15:00:00,20.9508,21.0573,0.0228309,0.0025924,0.00236204,0.138382,256.819,3.35785,2.08968,280.541,100701
50,2024-01-06_16:00:00,23.2429,23.3327,0.022872,0.00254217,0.00234716,0.138468,256.12,3.25754,1.9713,271.552,100760
50,2024-01-06_17:00:00,25.8467,25.9293,0.0229621,0.00249357,0.00231452,0.138308,255.444,3.49799,1.91576,249.963,100815
50,2024-01-06_18:00:00,29.3113,29.3914,0.0230753,0.00244027,0.00226835,0.138091,254.768,3.24558,1.59503,233.847,100868
50,2024-01-06_19:00:00,33.3906,33.4726,0.0232744,0.00236936,0.0022271,0.137701,253.894,2.44686,1.46837,202.917,100918
50,2024-01-06_20:00:00,37.5157,37.5974,0.0234114,0.00228095,0.00214273,0.137453,253.436,2.90579,1.78582,187.497,100969
50,2024-01-06_21:00:00,40.4437,40.4618,0.0236498,0.00220097,0.00208597,0.13689,252.707,3.09656,1.45606,142.279,101008
50,2024-01-06_22:00:00,44.0214,44.1058,0.0239025,0.00210902,0.0019758,0.136151,251.831,2.99032,1.31772,126.611,101046
50,2024-01-06_23:00:00,47.0879,47.1742,0.0242119,0.00201118,0.00186603,0.135192,251.393,2.89698,1.07634,119.851,101097
50,2024-01-07_00:00:00,49.2637,49.3499,0.0244292,0.00192944,0.00180657,0.134237,251.009,2.21924,1.05784,95.6965,101152
51,2024-01-06_00:00:00,0.879865,3.96642,0.0257001,0.0061305,0.0128922,0.132707,270.037,3.57546,5.15087,0,98729.6
51,2024-01-06_01:00:00,16.8577,20.518,0.0236211,0.00477163,0.0115162,0.131137,269.593,3.57058,5.08778,471.257,98805.5
51,2024-01-06_02:00:00,10.9111,20.5881,0.0227767,0.00356508,0.0103761,0.130158,269.51,4.6893,5.79702,523.233,98810.8
51,2024-01-06_03:00:00,68.0983,80.1647,0.0220081,0.00320456,0.00911866,0.131318,268.814,6.93137,4.74184,706.928,98871.5
51,2024-01-06_04:00:00,124.51,132.987,0.0213476,0.0025461,0.00604347,0.13475,266.285,6.67061,2.29863,556.385,99015.3
51,2024-01-06_05:00:00,93.0186,100.107,0.0213968,0.00238635,0.00521528,0.136069,264.452,7.10779,2.96844,451.132,99067.4
51,2024-01-06_06:00:00,56.7121,61.0987,0.0208394,0.00241661,0.00404164,0.138113,263.128,7.82395,3.43401,369.187,99106.1
51,2024-01-06_07:00:00,30.442,32.8265,0.020699,0.00254464,0.00322943,0.139413,262.221,7.01928,2.88819,351.181,99188.2
51,2024-01-06_08:00:00,13.2808,14.3257,0.021231,0.0026841,0.00271633,0.139471,261.523,5.92432,2.24518,341.942,99286.9
51,2024-01-06_09:00:00,7.55477,8.03416,0.0217203,0.00287841,0.00251689,0.139028,260.757,4.54774,2.09056,336.688,99376.1
51,2024-01-06_10:00:00,6.65118,6.93689,0.0220826,0.00306297,0.00248389,0.138468,259.798,4.21094,2.1902,338.624,99451.2
51,2024-01-06_11:00:00,8.4669,8.68513,0.0223312,0.00306151,0.00249777,0.137998,258.921,4.29155,2.21876,285.618,99519.8
51,2024-01-06_12:00:00,12.2656,12.4428,0.0224081,0.00299073,0.00251424,0.137907,258.088,4.49552,2.08341,270.995,99573.7
51,2024-01-06_13:00:00,16.4279,16.5682,0.022367,0.00292894,0.00249517,0.138112,257.217,4.56401,1.90709,259.911,99611.7
51,2024-01-06_14:00:00,19.8371,19.9485,0.0223258,0.00286434,0.00244376,0.138392,256.337,4.56242,1.71945,244.979,99655.1
51,2024-01-06_15:00:00,22.7313,22.8242,0.0223554,0.00279855,0.00236414,0.138588,255.52,4.31303,1.48587,227.061,99717.3
51,2024-01-06_16:00:00,26.752,26.8378,0.0225149,0.00271872,0.00228706,0.138476,254.804,3.95742,0.988149,198.26,99778.9
51,2024-01-06_17:00:00,33.0713,33.1632,0.0228826,0.00261842,0.00225129,0.137875,254.228,3.68933,0.713923,189.012,99835.9
51,2024-01-06_18:00:00,37.7008,37.7978,0.0233333,0.0024903,0.00214228,0.136979,253.482,2.73613,0.76969,186.703,99888.1
51,2024-01-06_19:00:00,38.9712,39.0515,0.0234131,0.00239678,0.00204008,0.13684,252.571,2.61581,1.16882,168.806,99936.9
51,2024-01-06_20:00:00,41.717,41.8008,0.02349,0.00231364,0.00189173,0.13656,251.724,2.80394,1.31275,138.426,99985.2
51,2024-01-06_21:00:00,44.417,44.5055,0.0236869,0.00222253,0.00178257,0.13601,250.919,2.52714,1.48283,130.819,100024
51,2024-01-06_22:00:00,47.1577,47.2457,0.0239473,0.00213666,0.00170135,0.135405,250.091,2.01047,1.3392,120.5,100068
51,2024-01-06_23:00:00,49.7908,49.8777,0.0243419,0.00203257,0.00163851,0.13443,249.682,2.1541,0.925603,87.6748,100112
51,2024-01-07_00:00:00,53.1348,53.2207,0.0247639,0.00191557,0.00160354,0.133377,249.356,1.98639,0.367059,61.5079,100166
52,2024-01-06_00:00:00,0.911043,3.93768,0.0263362,0.00603211,0.0126529,0.132893,270.035,3.60627,5.00374,0,98403.6
52,2024-01-06_01:00:00,15.1309,18.5462,0.0237679,0.0044523,0.0108053,0.131015,269.51,4.3719,6.0191,458.816,98475.3
52,2024-01-06_02:00:00,9.66825,17.2431,0.0228994,0.00333077,0.00951027,0.130686,269.326,5.2082,6.4627,562.649,98483.8
52,2024-01-06_03:00:00,57.2574,69.3625,0.0222343,0.00313123,0.0090435,0.131339,268.693,8.617,5.89763,682.007,98528.1
52,2024-01-06_04:00:00,122.497,130.678,0.0213196,0.00250762,0.00593514,0.134998,265.855,8.87138,2.9464,493.414,98650.8
52,2024-01-06_05:00:00,92.8366,99.8834,0.0213387,0.00237449,0.00524659,0.136218,263.868,7.95461,2.78038,381.461,98730.1
52,2024-01-06_06:00:00,57.2964,61.7506,0.0207694,0.00242897,0.0041036,0.138121,262.584,8.01885,3.06041,324.655,98779.2
52,2024-01-06_07:00:00,32.2553,34.7967,0.0206423,0.00256125,0.00332685,0.139305,261.557,8.56368,2.89583,267.943,98825.2
52,2024-01-06_08:00:00,14.2307,15.3888,0.0212665,0.0026916,0.00279013,0.139213,260.777,7.71771,2.39183,242.489,98912.3
52,2024-01-06_09:00:00,7.64573,8.15795,0.021876,0.00285741,0.0025629,0.138692,259.839,5.93086,2.36763,238.508,99014.2
52,2024-01-06_10:00:00,6.6046,6.90316,0.0222525,0.00303172,0.00251918,0.138146,258.812,5.16148,2.4057,263.943,99101.7
52,2024-01-06_11:00:00,8.5287,8.75756,0.0225716,0.00302089,0.00255366,0.13755,258.251,5.4914,2.57188,212.749,99167.8
52,2024-01-06_12:00:00,13.038,13.2295,0.0227062,0.00294512,0.00258845,0.137335,257.365,5.59547,2.43217,209.992,99220.2
52,2024-01-06_13:00:00,18.2226,18.3773,0.022676,0.00288968,0.00258524,0.137518,256.041,5.14507,2.10981,137.434,99265.2
52,2024-01-06_14:00:00,22.2545,22.3804,0.0226288,0.00282946,0.00254355,0.137799,254.49,4.41545,1.66297,120.725,99319.4
52,2024-01-06_15:00:00,26.318,26.4276,0.022746,0.00275735,0.0024965,0.137832,253.637,4.25004,1.1472,101.042,99380.4
52,2024-01-06_16:00:00,31.1919,31.2978,0.0230314,0.00266755,0.00243502,0.137471,253.439,4.3932,0.655338,93.9552,99433
52,2024-01-06_17:00:00,37.9974,38.1111,0.023531,0.00254532,0.00237109,0.136649,253.124,4.61123,0.396462,92.547,99483.7
52,2024-01-06_18:00:00,42.5219,42.6393,0.0239582,0.00240837,0.00226998,0.135733,249.809,3.3296,0.507608,86.6234,99538.5
52,2024-01-06_19:00:00,43.9877,44.1024,0.0242973,0.00227219,0.00218736,0.135063,249.245,2.99653,1.04025,77.2996,99580.2
52,2024-01-06_20:00:00,44.6571,44.7436,0.0245089,0.0021606,0.00209527,0.134604,248.161,2.94716,1.32448,58.3903,99625.1
52,2024-01-06_21:00:00,46.825,46.9261,0.0246809,0.00207222,0.00198874,0.134221,247.522,2.62146,1.50812,55.0072,99667.8
52,2024-01-06_22:00:00,49.6554,49.751,0.0250752,0.00195972,0.00193894,0.133346,246.465,2.76327,1.3312,55.0863,99701.8
52,2024-01-06_23:00:00,52.0331,52.1247,0.0255524,0.00184145,0.00190338,0.132296,246.616,2.31845,1.00721,56.0104,99758.4
52,2024-01-07_00:00:00,54.8749,54.9631,0.0262093,0.00169926,0.00189459,0.130809,246.206,2.49478,0.223763,57.5953,99812.2
53,2024-01-06_00:00:00,1.94463,10.2845,0.0264769,0.00541553,0.0119604,0.132331,270.121,4.00343,5.62633,0,99532.3
53,2024-01-06_01:00:00,15.4309,18.2158,0.0249261,0.00444587,0.0110088,0.131251,269.457,3.62006,5.61532,423.751,99623.6
53,2024-01-06_02:00:00,15.8193,17.345,0.0237638,0.00313167,0.00928926,0.130232,269.131,4.46412,6.17756,460.333,99637.1
53,2024-01-06_03:00:00,85.8339,101.056,0.0232625,0.00309546,0.00901638,0.130604,268.558,7.00839,4.36809,712.649,99697.6
53,2024-01-06_04:00:00,229.641,242.488,0.0232968,0.00247288,0.00702122,0.13263,265.628,7.06173,3.15986,514.363,99822.6
53,2024-01-06_05:00:00,162.288,173.043,0.0227949,0.00233518,0.00605581,0.134244,263.838,6.79727,3.72101,358.473,99886.5
53,2024-01-06_06:00:00,105.057,112.146,0.0223122,0.00226117,0.00489373,0.13613,262.633,6.22862,3.56782,316.366,99960.2
53,2024-01-06_07:00:00,63.1943,67.1972,0.0218623,0.00234988,0.00376926,0.138028,261.535,5.09977,3.1657,266.635,100045
53,2024-01-06_08:00:00,35.476,37.4742,0.0219369,0.00244575,0.00296738,0.13896,260.764,4.92905,3.04178,241.655,100117
53,2024-01-06_09:00:00,21.2563,22.2463,0.0222006,0.00263761,0.0025732,0.139024,259.232,4.36144,2.69157,217.277,100194
53,2024-01-06_10:00:00,15.0204,15.579,0.0224678,0.0028423,0.00241569,0.138776,255.599,3.68943,2.44965,190.573,100281
53,2024-01-06_11:00:00,12.3682,12.7211,0.0226515,0.00284315,0.00234628,0.138529,253.792,3.39894,2.4926,158.007,100358
53,2024-01-06_12:00:00,11.9484,12.1648,0.0227119,0.00275266,0.00228858,0.138485,252.617,3.08423,2.41154,141.701,100408
53,2024-01-06_13:00:00,12.6215,12.7891,0.0227213,0.00265732,0.00219252,0.138602,250.657,2.88828,2.46164,129.333,100443
53,2024-01-06_14:00:00,13.9335,14.0546,0.022755,0.00256674,0.00213303,0.138779,250.182,2.74223,2.47979,119.512,100481
53,2024-01-06_15:00:00,16.0397,16.1315,0.0228424,0.00248655,0.0020925,0.138879,249.457,2.87911,2.3598,109.381,100536
53,2024-01-06_16:00:00,19.5902,19.6652,0.022956,0.00243452,0.00208316,0.138878,249.237,3.16015,2.19579,97.8451,100590
53,2024-01-06_17:00:00,23.2162,23.2836,0.0230207,0.00237916,0.00205873,0.138784,248.181,2.53065,1.72759,87.9941,100655
53,2024-01-06_18:00:00,27.0486,27.115,0.0230995,0.00235243,0.00205344,0.138671,249.254,1.71384,1.63006,74.4456,100715
53,2024-01-06_19:00:00,31.8089,31.8772,0.0232581,0.00228985,0.00202038,0.138342,249.44,2.33641,1.79295,65.4124,100761
53,2024-01-06_20:00:00,40.453,40.5296,0.0237386,0.00225462,0.0021379,0.137256,248.954,3.33428,1.19646,56.4305,100803
53,2024-01-06_21:00:00,44.8106,44.8897,0.0238707,0.00220141,0.00213452,0.136643,248.5,2.85688,0.611781,55.492,100850
53,2024-01-06_22:00:00,48.095,48.1752,0.0241802,0.00211723,0.00207137,0.135924,246.844,2.37562,0.373048,76.7247,100886
53,2024-01-06_23:00:00,55.7884,55.8744,0.0252016,0.0019512,0.00212034,0.133886,246.472,2.55747,-0.564478,55.4822,100931
53,2024-01-07_00:00:00,60.3207,60.4003,0.0255967,0.00185914,0.00201571,0.132906,246.155,2.31651,-1.12611,54.7439,100979
54,2024-01-06_00:00:00,1.57234,7.80733,0.0267567,0.00561842,0.0120384,0.132647,270.062,3.81545,5.42927,0,99826
54,2024-01-06_01:00:00,17.7685,25.8518,0.0249668,0.00450361,0.0105376,0.131368,269.719,3.56113,5.80128,425.234,99903.4
54,2024-01-06_02:00:00,13.2168,23.9318,0.0236484,0.00333183,0.00974193,0.130339,269.454,4.53779,6.2331,454.702,99919
54,2024-01-06_03:00:00,58.8924,73.2785,0.0229031,0.00314401,0.00922479,0.130569,269.063,6.91647,4.89924,752.38,99994.5
54,2024-01-06_04:00:00,198.713,210.189,0.0226736,0.00250096,0.00679125,0.13312,266.735,6.68515,3.22925,585.14,100129
54,2024-01-06_05:00:00,149.108,159.174,0.0222605,0.00238944,0.0059587,0.134574,265.141,6.45224,3.04469,459.209,100212
54,2024-01-06_06:00:00,91.322,97.9149,0.0217386,0.00234871,0.00468,0.136602,264.051,6.58472,2.59906,435.82,100277
54,2024-01-06_07:00:00,51.341,54.9714,0.0211967,0.00250785,0.00363706,0.138568,263.261,6.12135,2.12898,432.104,100354
54,2024-01-06_08:00:00,26.4273,27.1001,0.0214456,0.00266055,0.00296581,0.139126,262.555,5.80663,1.99331,395.922,100424
54,2024-01-06_09:00:00,15.9626,16.8877,0.0220615,0.00278125,0.00263445,0.13865,261.112,4.5685,1.9857,338.087,100504
54,2024-01-06_10:00:00,11.9978,12.5293,0.0224828,0.00290908,0.00246888,0.138174,258.557,3.7978,1.89541,334.029,100585
54,2024-01-06_11:00:00,11.025,11.3702,0.0226353,0.00288705,0.00238608,0.137976,257.337,3.46166,1.94928,320.268,100665
54,2024-01-06_12:00:00,12.2194,12.3165,0.0226943,0.00280377,0.00235322,0.137957,255.867,3.31324,1.87889,313.774,100716
54,2024-01-06_13:00:00,15.6733,15.8453,0.0227478,0.00274098,0.00234878,0.137985,254.585,3.24914,1.62112,314.54,100756
54,2024-01-06_14:00:00,19.3316,19.4586,0.0227802,0.00267328,0.00231658,0.13813,252.189,3.01123,1.50584,184.441,100802
54,2024-01-06_15:00:00,22.6422,22.7423,0.0228293,0.00261058,0.00229992,0.13827,251.43,2.7072,1.27925,183.44,100861
54,2024-01-06_16:00:00,27.2368,27.325,0.0229719,0.00257576,0.00236794,0.13818,251.35,2.45171,0.792199,280.586,100919
54,2024-01-06_17:00:00,32.2221,32.3073,0.0231025,0.00255429,0.00241244,0.138009,252.138,2.56073,0.412122,247.446,100984
54,2024-01-06_18:00:00,36.5678,36.6557,0.0233111,0.00247977,0.0023649,0.137616,251.597,2.44684,0.460661,175.919,101040
54,2024-01-06_19:00:00,39.2064,39.2932,0.023498,0.0023716,0.00227196,0.137249,249.91,2.30884,0.724712,160.45,101084
54,2024-01-06_20:00:00,41.459,41.5354,0.0235522,0.00230667,0.00217607,0.137044,248.927,2.2053,0.425501,93.6653,101135
54,2024-01-06_21:00:00,44.6705,44.7089,0.0237436,0.00221273,0.00202234,0.136536,249.003,1.92839,0.470955,83.3726,101183
54,2024-01-06_22:00:00,48.1755,48.2662,0.0241013,0.00210805,0.00191691,0.135662,248.189,1.90272,0.0850728,72.295,101216
54,2024-01-06_23:00:00,50.9019,50.9923,0.0243766,0.00201946,0.00183011,0.135019,247.129,1.89983,-0.535958,68.9035,101265
54,2024-01-07_00:00:00,53.3093,53.3993,0.024677,0.00193236,0.00175449,0.134278,246.977,1.79101,-0.802205,66.7371,101321
55,2024-01-06_00:00:00,0.756442,3.25153,0.0256219,0.00618377,0.0129746,0.132694,270.024,3.50509,4.98989,0,99058
55,2024-01-06_01:00:00,16.2001,19.6436,0.0235078,0.00483711,0.0112578,0.131152,269.735,4.08657,6.64678,446.454,99126.1
55,2024-01-06_02:00:00,9.6868,18.7694,0.0227526,0.0035964,0.0101455,0.130161,269.333,5.08544,6.90038,507.529,99136.6
55,2024-01-06_03:00:00,47.4863,59.2645,0.0216985,0.00326345,0.00893951,0.131058,268.864,7.38266,4.26473,754.165,99201.7
55,2024-01-06_04:00:00,114.245,122.468,0.0210349,0.00258714,0.00584431,0.135046,265.552,7.92182,3.20217,478.725,99326
55,2024-01-06_05:00:00,84.7209,91.471,0.021112,0.00243184,0.00511755,0.13628,263.971,8.91971,3.61377,361.957,99371.1
55,2024-01-06_06:00:00,53.1511,57.3366,0.0206525,0.00244158,0.00393613,0.138249,262.809,8.41289,3.46018,338.644,99440.1
55,2024-01-06_07:00:00,28.181,30.4667,0.0205805,0.00254137,0.00314598,0.139454,261.921,7.44855,3.06767,327.906,99524.1
55,2024-01-06_08:00:00,11.4693,12.4317,0.0211889,0.00268756,0.00265693,0.139414,261.257,6.60428,2.81814,325.12,99612.6
55,2024-01-06_09:00:00,6.36917,6.79326,0.0217627,0.00288379,0.00248095,0.138824,260.285,5.42377,2.70844,309.396,99708.9
55,2024-01-06_10:00:00,6.14707,6.40684,0.0221793,0.00306568,0.00245406,0.138204,258.497,4.32688,2.68801,317.34,99791.6
55,2024-01-06_11:00:00,8.52554,8.73626,0.0224388,0.0030625,0.00247194,0.13771,257.927,4.32569,2.88877,318.24,99864.5
55,2024-01-06_12:00:00,12.8367,13.0138,0.0224953,0.00299299,0.00248188,0.137653,256.92,4.25831,2.82871,295.566,99919.2
55,2024-01-06_13:00:00,17.6868,17.8303,0.0224662,0.00293606,0.00246571,0.137852,255.805,4.1221,2.52756,205.095,99960.9
55,2024-01-06_14:00:00,21.4972,21.6145,0.0224423,0.0028687,0.00241579,0.138086,254.275,3.94964,2.25215,188.847,100007
55,2024-01-06_15:00:00,24.8941,24.9957,0.0224962,0.00280161,0.00235427,0.138223,252.408,3.91326,1.92349,131.74,100072
55,2024-01-06_16:00:00,29.5857,29.6821,0.0226961,0.00271614,0.00229503,0.138046,253.361,3.78188,1.28489,121.031,100135
55,2024-01-06_17:00:00,37.524,37.6291,0.0231893,0.00260719,0.00224858,0.13723,253.266,3.78583,0.92115,114.512,100192
55,2024-01-06_18:00:00,43.9808,44.0967,0.0238717,0.00243849,0.00214276,0.135884,252.083,3.28733,1.05704,110.266,100245
55,2024-01-06_19:00:00,44.5506,44.6624,0.0240698,0.00231524,0.00201573,0.135434,250.368,2.69185,1.5946,87.7006,100293
55,2024-01-06_20:00:00,45.2295,45.3314,0.0241719,0.00222459,0.0018869,0.13514,248.784,2.88155,1.85489,65.0952,100339
55,2024-01-06_21:00:00,48.3603,48.4614,0.0243674,0.00213982,0.00177769,0.134623,248.533,2.86843,2.0007,60.4563,100381
55,2024-01-06_22:00:00,50.4072,50.5036,0.0245155,0.00206875,0.00169428,0.134207,246.896,2.66149,2.03203,58.9324,100424
55,2024-01-06_23:00:00,54.1441,54.2404,0.0249148,0.0019636,0.00165076,0.133325,246.774,2.43906,1.86988,57.1132,100480
55,2024-01-07_00:00:00,56.8901,56.9885,0.0254719,0.00182688,0.00157143,0.131968,246.526,2.46235,1.02094,56.5738,100535
56,2024-01-06_00:00:00,2.09685,10.6597,0.0276088,0.0052315,0.0113038,0.132611,270.076,4.01244,5.47607,0,99196.4
56,2024-01-06_01:00:00,15.2956,24.9726,0.0254905,0.00405224,0.00985736,0.131126,269.968,3.31833,5.15409,473.798,99284.3
56,2024-01-06_02:00:00,16.3382,27.3288,0.0242025,0.00288919,0.00848259,0.130431,269.618,4.14573,5.87344,516.807,99298.2
56,2024-01-06_03:00:00,44.8966,59.9441,0.0240501,0.002765,0.00789098,0.130339,269.137,6.10633,4.67567,784.842,99364.6
56,2024-01-06_04:00:00,227.681,240.951,0.0237259,0.00241889,0.00668004,0.132294,267.093,6.59321,3.0187,615.43,99491
56,2024-01-06_05:00:00,168.026,178.669,0.0228997,0.00231412,0.00589641,0.134411,265.121,6.96206,3.29355,464.677,99567.8
56,2024-01-06_06:00:00,104.793,111.813,0.0222389,0.00234378,0.00485826,0.136419,263.75,6.88737,3.16103,409.016,99633.7
56,2024-01-06_07:00:00,62.8961,66.8732,0.0217539,0.00249651,0.00381948,0.138236,262.668,6.6597,2.92322,374.324,99706.8
56,2024-01-06_08:00:00,35.8865,37.9141,0.021923,0.00259217,0.00308499,0.138961,261.808,7.06903,3.09274,314.288,99748.3
56,2024-01-06_09:00:00,21.5803,22.5982,0.0222947,0.0027251,0.00269235,0.138895,261.077,6.50508,3.09023,300.132,99821.7
56,2024-01-06_10:00:00,15.1071,15.671,0.0225841,0.00287071,0.0025352,0.138657,260.228,6.1107,3.02839,284.328,99895.1
56,2024-01-06_11:00:00,12.5824,12.9354,0.0227683,0.00285022,0.00248495,0.138399,259.465,5.64672,2.80874,269.547,99978
56,2024-01-06_12:00:00,12.7914,12.9971,0.0228672,0.00276001,0.00246222,0.1383,258.628,5.20865,2.415,230.139,100035
56,2024-01-06_13:00:00,14.5139,14.6797,0.0228776,0.00267525,0.00239566,0.138406,257.666,4.65818,1.99575,213.604,100075
56,2024-01-06_14:00:00,16.6439,16.7648,0.0228955,0.00260283,0.00232083,0.138568,256.599,3.97696,1.69019,206.906,100121
56,2024-01-06_15:00:00,19.2449,19.3404,0.0229697,0.00252813,0.00224979,0.138599,253.958,2.70541,1.07528,208.763,100180
56,2024-01-06_16:00:00,22.3548,22.4365,0.0230496,0.00247209,0.00222849,0.138608,252.24,2.58774,0.978996,258.758,100239
56,2024-01-06_17:00:00,26.0178,26.0933,0.0230944,0.00244792,0.0022694,0.138569,252.068,2.01537,0.69193,244.298,100297
56,2024-01-06_18:00:00,31.1651,31.2439,0.0232822,0.00242134,0.00233838,0.138175,253.068,2.17314,0.815462,180.609,100352
56,2024-01-06_19:00:00,37.2994,37.3863,0.0236505,0.00234473,0.00232281,0.137444,253.396,2.95318,0.762879,95.9569,100391
56,2024-01-06_20:00:00,40.2597,40.3465,0.0238214,0.00224718,0.00222892,0.137058,250.007,2.33344,0.19858,81.6121,100440
56,2024-01-06_21:00:00,42.3031,42.3898,0.0239541,0.0021576,0.00213065,0.136648,248.992,1.99192,0.123516,69.3517,100481
56,2024-01-06_22:00:00,45.9158,46.0019,0.0241868,0.0020849,0.00208768,0.135968,248.106,2.17535,0.194761,64.7588,100506
56,2024-01-06_23:00:00,47.2634,47.3476,0.0242764,0.00200282,0.00199789,0.135422,247.202,1.58159,-0.210403,93.5256,100561
56,2024-01-07_00:00:00,51.0036,51.0875,0.024732,0.00189306,0.00195441,0.134278,245.869,0.894854,-0.476664,82.7164,100612
57,2024-01-06_00:00:00,1.30008,6.45316,0.0259847,0.00585646,0.0125322,0.132556,270.071,3.72374,5.41841,0,99882.5
57,2024-01-06_01:00:00,17.3191,24.9945,0.023961,0.00454697,0.011504,0.130996,270.328,2.80264,4.53813,447.493,99958.2
57,2024-01-06_02:00:00,13.0962,23.5663,0.0231602,0.00335915,0.0101107,0.130386,270.373,3.53707,4.85154,540.089,99979.5
57,2024-01-06_03:00:00,104.323,116.786,0.0225036,0.00303525,0.0088319,0.131691,269.787,6.8058,3.68244,779.479,100045
57,2024-01-06_04:00:00,168.503,178.328,0.0222127,0.00246611,0.00648617,0.134146,267.795,6.52298,2.18775,624.722,100169
57,2024-01-06_05:00:00,110.86,118.87,0.0217493,0.00236009,0.00556604,0.135813,265.918,6.43042,1.92254,508.897,100252
57,2024-01-06_06:00:00,64.6551,69.4913,0.0211,0.00237575,0.00428064,0.137957,264.638,6.37815,1.65163,468.964,100322
57,2024-01-06_07:00:00,34.0109,36.5398,0.0208803,0.002551,0.00339624,0.139345,263.812,6.13207,1.12238,425.542,100393
57,2024-01-06_08:00:00,16.5159,17.6782,0.0215409,0.00267562,0.00288809,0.13914,263.088,5.85765,0.90906,387.025,100472
57,2024-01-06_09:00:00,9.96865,10.5234,0.0223037,0.00280441,0.00269063,0.138305,262.299,5.53925,0.922368,368.543,100547
57,2024-01-06_10:00:00,8.777,9.1147,0.0227148,0.00296471,0.00263674,0.137697,261.29,4.98696,1.03414,354.513,100635
57,2024-01-06_11:00:00,10.6147,10.8675,0.0229089,0.00295213,0.00263195,0.137353,260.387,4.587,1.10588,344.042,100719
57,2024-01-06_12:00:00,14.7143,14.9094,0.0229408,0.00287429,0.0026325,0.137392,259.61,4.41957,1.04448,323.391,100783
57,2024-01-06_13:00:00,19.7835,19.9339,0.0229156,0.0028179,0.00262332,0.137637,258.794,4.16175,0.778729,310.913,100830
57,2024-01-06_14:00:00,23.3586,23.4752,0.0228731,0.00276635,0.00257649,0.137953,257.843,3.81882,0.543855,283.054,100877
57,2024-01-06_15:00:00,26.3563,26.4526,0.0229008,0.00271492,0.00253555,0.138153,257.137,3.71629,0.288546,276.568,100935
57,2024-01-06_16:00:00,29.985,30.072,0.0229776,0.00267667,0.00249472,0.138178,256.414,3.18974,-0.379124,274.148,100993
57,2024-01-06_17:00:00,34.0959,34.18,0.0229916,0.00262981,0.00243099,0.138162,255.553,2.95506,-0.787757,273.345,101058
57,2024-01-06_18:00:00,39.3114,39.4014,0.0233636,0.00250928,0.00236076,0.137491,254.839,3.02677,-0.320337,220.303,101114
57,2024-01-06_19:00:00,41.3927,41.4437,0.0234113,0.00241624,0.00223745,0.137335,253.797,2.41452,-0.124429,206.154,101167
57,2024-01-06_20:00:00,43.825,43.9058,0.0235623,0.00232868,0.00208206,0.13698,252.789,2.23394,-0.0834586,180.759,101217
57,2024-01-06_21:00:00,46.7437,46.8323,0.0238536,0.00221438,0.00193584,0.136278,251.886,2.03974,-0.180761,135.341,101255
57,2024-01-06_22:00:00,49.0425,49.1309,0.0240547,0.00213426,0.00183073,0.135724,251.133,1.47689,-0.431097,123.788,101299
57,2024-01-06_23:00:00,50.6521,50.7377,0.0242293,0.00206475,0.00174838,0.135222,250.356,1.56949,-0.505885,111.448,101349
57,2024-01-07_00:00:00,53.9426,54.0274,0.0244851,0.00198664,0.00164732,0.134502,249.736,1.7337,-0.766859,89.6318,101406
58,2024-01-06_00:00:00,1.71773,8.83561,0.0265074,0.00555282,0.0120615,0.132476,270.088,3.87821,5.54881,0,99475.9
58,2024-01-06_01:00:00,17.0091,19.8107,0.0248409,0.00451557,0.0107277,0.131341,269.435,3.59943,6.41252,418.429,99562.2
58,2024-01-06_02:00:00,14.6415,16.3458,0.0236404,0.00329679,0.00980807,0.130202,269.108,4.52637,6.96458,438.934,99575.9
58,2024-01-06_03:00:00,78.8105,93.5753,0.0230549,0.00315496,0.00929509,0.13068,268.543,7.43327,5.09848,692.943,99646
58,2024-01-06_04:00:00,215.972,228.219,0.0229228,0.00251452,0.00706923,0.132854,265.753,7.12202,3.54897,505.027,99773.5
58,2024-01-06_05:00:00,158.921,169.543,0.0225603,0.00237461,0.00608757,0.134257,263.788,5.56087,3.51104,390.644,99862.8
58,2024-01-06_06:00:00,104.751,112.084,0.0221762,0.00232688,0.00490808,0.135962,262.739,4.7676,3.59088,345.993,99933.6
58,2024-01-06_07:00:00,63.2316,67.4487,0.0216431,0.00242586,0.00380057,0.137988,261.849,5.47074,3.73923,315.869,99976.3
58,2024-01-06_08:00:00,35.1009,37.2528,0.0216746,0.00252182,0.00298178,0.138992,260.83,4.88107,3.24262,287.941,100056
58,2024-01-06_09:00:00,20.2319,21.2866,0.0220203,0.00270242,0.00257223,0.139012,259.746,5.25242,3.24307,237.43,100122
58,2024-01-06_10:00:00,13.6831,14.2396,0.0223837,0.00287912,0.00241838,0.138652,258.108,5.83994,3.26008,196.425,100190
58,2024-01-06_11:00:00,11.5657,11.9081,0.0225946,0.00287881,0.00236274,0.138348,256.927,5.8547,3.18706,159.467,100268
58,2024-01-06_12:00:00,12.244,12.359,0.0226891,0.00280002,0.00233751,0.138254,255.801,5.54548,2.9385,141.674,100326
58,2024-01-06_13:00:00,15.037,15.1964,0.0227525,0.00272399,0.00229977,0.138276,254.573,5.0904,2.59759,125.808,100369
58,2024-01-06_14:00:00,17.7862,17.9031,0.0227775,0.00264157,0.00221997,0.138449,252.606,4.17484,2.58097,116.349,100417
58,2024-01-06_15:00:00,19.9946,20.0863,0.0228318,0.0025558,0.00216173,0.138594,251.066,3.67022,2.66187,111.728,100474
58,2024-01-06_16:00:00,24.6168,24.6953,0.0229678,0.00251027,0.00221111,0.138524,249.666,3.52385,2.34576,107.547,100535
58,2024-01-06_17:00:00,30.4327,30.5092,0.0231662,0.00249156,0.00231315,0.138276,250.486,2.98209,1.73273,103.302,100602
58,2024-01-06_18:00:00,33.3143,33.3895,0.0232316,0.00243325,0.00229448,0.138142,250.329,2.69893,1.85486,95.3516,100663
58,2024-01-06_19:00:00,36.8689,36.9447,0.0233914,0.00236003,0.00223699,0.13783,249.534,3.17616,1.84719,84.6642,100707
58,2024-01-06_20:00:00,42.1438,42.2259,0.0237406,0.00227703,0.00226556,0.137063,248.975,3.49615,1.126,68.5343,100753
58,2024-01-06_21:00:00,47.1324,47.2185,0.0241542,0.00217435,0.00215086,0.136044,247.932,3.30272,0.537384,58.3023,100795
58,2024-01-06_22:00:00,51.2389,51.3246,0.0245677,0.00207442,0.00203628,0.13507,246.623,2.92584,0.082345,55.6982,100834
58,2024-01-06_23:00:00,53.3648,53.4466,0.0246776,0.00201359,0.00192788,0.134646,245.948,3.21671,-0.472439,52.6936,100877
58,2024-01-07_00:00:00,56.5026,56.5824,0.0248495,0.00193984,0.00179467,0.134044,245.181,2.96007,-0.908796,51.9988,100932
59,2024-01-06_00:00:00,1.3952,6.9778,0.0261439,0.00578368,0.0124098,0.132552,270.073,3.75417,5.44738,0,99882.9
59,2024-01-06_01:00:00,16.9445,23.863,0.024062,0.00444117,0.0112416,0.13094,270.273,3.05134,4.53022,451.494,99959.5
59,2024-01-06_02:00:00,13.4117,24.1409,0.0232891,0.00330938,0.0100331,0.130382,270.32,3.67861,4.88854,519.521,99979.4
59,2024-01-06_03:00:00,99.2099,112.129,0.022638,0.00304192,0.00900353,0.131483,269.795,6.66797,3.7419,769.048,100042
59,2024-01-06_04:00:00,179.728,190.12,0.022342,0.00248705,0.0067012,0.133893,267.835,6.52523,2.51753,607.643,100161
59,2024-01-06_05:00:00,119.206,127.718,0.021887,0.00236527,0.0057467,0.135514,265.983,6.38947,2.34163,497.223,100238
59,2024-01-06_06:00:00,69.9516,75.1307,0.021242,0.0023533,0.00440959,0.137694,264.723,6.49582,2.22675,455.508,100304
59,2024-01-06_07:00:00,37.1129,39.8305,0.020955,0.00251264,0.00346992,0.139216,263.891,6.0924,1.70304,420.288,100375
59,2024-01-06_08:00:00,17.9446,19.1788,0.0215721,0.00266672,0.00293071,0.139082,263.183,5.79455,1.41079,392.529,100460
59,2024-01-06_09:00:00,10.8397,11.4442,0.0223671,0.00278583,0.00271493,0.138204,262.395,5.40434,1.45454,372.879,100543
59,2024-01-06_10:00:00,9.3623,9.73166,0.0227701,0.00294229,0.00263526,0.137638,261.369,4.76887,1.51509,359.18,100637
59,2024-01-06_11:00:00,10.7294,10.9998,0.022921,0.00292879,0.00260518,0.137396,260.383,4.42631,1.62607,346.098,100720
59,2024-01-06_12:00:00,14.2442,14.4107,0.0229366,0.00284988,0.00259482,0.13746,259.569,4.28938,1.54082,322.877,100783
59,2024-01-06_13:00:00,19.1896,19.3436,0.0229331,0.00279315,0.00259021,0.137658,258.745,4.11186,1.28277,308.209,100830
59,2024-01-06_14:00:00,22.9594,23.0776,0.0229159,0.00273936,0.00255018,0.137938,257.823,3.76787,1.06125,284.368,100876
59,2024-01-06_15:00:00,26.0595,26.1568,0.0229476,0.00268751,0.00251743,0.138112,257.13,3.49735,0.715666,275.864,100935
59,2024-01-06_16:00:00,29.8686,29.9568,0.0230741,0.00264712,0.00248935,0.138069,256.321,2.79642,0.111254,277.462,100992
59,2024-01-06_17:00:00,34.0771,34.1621,0.0231308,0.00260276,0.00244692,0.137997,255.641,2.73524,-0.369142,280.955,101054
59,2024-01-06_18:00:00,38.7968,38.8869,0.0234188,0.0024966,0.00237433,0.137456,254.9,2.58773,0.048224,248.982,101108
59,2024-01-06_19:00:00,40.4239,40.4727,0.0234733,0.00239547,0.00225981,0.137318,253.99,2.19819,0.245072,220.5,101157
59,2024-01-06_20:00:00,43.7476,43.8296,0.023602,0.00231874,0.00212664,0.136969,253.066,2.33984,0.186079,178.286,101207
59,2024-01-06_21:00:00,47.2114,47.302,0.0239876,0.00220046,0.00197727,0.136072,252.371,1.83384,0.161956,134.506,101247
59,2024-01-06_22:00:00,46.8893,46.9756,0.0240425,0.00211838,0.00182459,0.135738,251.543,1.0267,-0.0820075,126.029,101291
59,2024-01-06_23:00:00,48.6035,48.6865,0.0242295,0.00204954,0.00173218,0.135244,250.819,1.21565,-0.355471,103.153,101342
59,2024-01-07_00:00:00,51.6222,51.7052,0.0245092,0.00197133,0.00166154,0.134506,250.265,1.46985,-0.81916,87.7345,101397
60,2024-01-06_00:00:00,1.14304,5.32843,0.0263869,0.00589852,0.0124675,0.132774,270.042,3.67596,5.22309,0,98880.1
60,2024-01-06_01:00:00,15.8061,19.6824,0.0240026,0.00436794,0.0110972,0.131012,269.839,3.57162,5.24525,480.915,98951.5
60,2024-01-06_02:00:00,10.8235,19.3391,0.023153,0.00320509,0.00954458,0.130812,269.936,4.57361,5.72923,597.922,98953.5
60,2024-01-06_03:00:00,82.4891,94.3535,0.0224938,0.00298688,0.00871564,0.131816,269.407,7.78912,4.9745,792.18,99016.8
60,2024-01-06_04:00:00,139.59,148.052,0.021826,0.00243347,0.00597841,0.134949,267.486,7.75126,2.74162,653.302,99154.4
60,2024-01-06_05:00:00,92.2889,99.1331,0.0214199,0.00235045,0.00516379,0.136607,265.403,7.66009,2.8543,510.442,99221.7
60,2024-01-06_06:00:00,55.3355,59.5686,0.0207643,0.00245093,0.00408612,0.138482,264.063,7.08191,2.85243,456.711,99290.5
60,2024-01-06_07:00:00,32.1777,34.644,0.0207383,0.00260133,0.0033792,0.139376,263.148,6.6346,2.6123,398.485,99362.3
60,2024-01-06_08:00:00,15.2109,15.8971,0.0214644,0.00271906,0.00287376,0.139071,262.372,6.66361,2.48353,369.008,99428.2
60,2024-01-06_09:00:00,8.68849,9.20824,0.0222038,0.00285127,0.00267554,0.138299,261.603,6.4502,2.32873,352.447,99497.5
60,2024-01-06_10:00:00,7.69116,8.00018,0.0226269,0.00300138,0.00265031,0.137666,260.803,5.72115,2.0918,336.542,99586.1
60,2024-01-06_11:00:00,10.1799,10.4186,0.0229612,0.00297248,0.00268659,0.137075,260.131,5.24401,1.92559,326.751,99672.4
60,2024-01-06_12:00:00,15.4339,15.6308,0.0230857,0.00289298,0.00272014,0.136916,259.461,5.04868,1.70989,300.657,99735
60,2024-01-06_13:00:00,20.7026,20.86,0.0229829,0.00284387,0.00270706,0.137244,258.638,4.99035,1.56233,285.079,99777.9
60,2024-01-06_14:00:00,24.3562,24.481,0.0228449,0.00280094,0.00266186,0.1377,257.703,4.89438,1.58444,265.795,99817.8
60,2024-01-06_15:00:00,27.7569,27.8624,0.0228831,0.00273842,0.0026131,0.1379,256.977,4.57673,1.3577,261.383,99876
60,2024-01-06_16:00:00,31.0459,31.1431,0.0229716,0.00268831,0.00253216,0.137887,256.235,3.96918,0.805648,263.264,99936.7
60,2024-01-06_17:00:00,36.4582,36.5598,0.0234,0.0025719,0.00246593,0.137144,255.486,3.50579,0.722545,258.039,99989.8
60,2024-01-06_18:00:00,42.0503,42.1597,0.0239169,0.00243202,0.00237428,0.136139,254.837,2.99532,0.917721,251.15,100042
60,2024-01-06_19:00:00,43.1973,43.3013,0.0241325,0.00231198,0.00224752,0.135683,254.057,2.65285,0.958467,215.229,100084
60,2024-01-06_20:00:00,44.5929,44.6754,0.0241501,0.00223413,0.00211159,0.135556,253.283,2.57117,1.01785,180.705,100131
60,2024-01-06_21:00:00,47.5511,47.6056,0.0243864,0.0021355,0.00198806,0.134983,252.601,2.36118,1.21675,146.836,100173
60,2024-01-06_22:00:00,50.5603,50.6588,0.0246794,0.00203409,0.00190348,0.134295,251.954,2.18925,1.11332,118.367,100211
60,2024-01-06_23:00:00,53.692,53.7889,0.025048,0.0019338,0.00185011,0.133435,251.467,1.97196,0.80483,90.1885,100262
60,2024-01-07_00:00:00,54.215,54.3056,0.0251377,0.00186472,0.00173628,0.132953,250.995,1.58251,0.402994,81.2507,100317
61,2024-01-06_00:00:00,2.12005,10.9441,0.0273169,0.00524599,0.0114386,0.132506,270.084,4.01551,5.56254,0,99683.2
61,2024-01-06_01:00:00,15.2951,26.385,0.0256527,0.00422269,0.00943008,0.13132,270.008,3.3855,6.70248,418.221,99770.9
61,2024-01-06_02:00:00,17.1624,28.7706,0.0241398,0.00297262,0.00824023,0.13028,269.941,4.63949,7.98843,464.082,99780.6
61,2024-01-06_03:00:00,47.5452,63.0214,0.0239142,0.00284145,0.00784175,0.13031,269.528,7.18478,5.92929,756.999,99851.9
61,2024-01-06_04:00:00,235.633,249.177,0.0237183,0.00241638,0.00622315,0.132234,267.831,8.19815,4.13279,603.135,99974.2
61,2024-01-06_05:00:00,175.635,186.491,0.0229578,0.00230362,0.00554876,0.134151,266.082,8.35388,4.34141,490.798,100055
61,2024-01-06_06:00:00,107.281,114.389,0.0222897,0.00228731,0.00451521,0.136318,264.751,8.82605,4.12314,429.669,100116
61,2024-01-06_07:00:00,62.787,66.6793,0.0217911,0.00240963,0.00350189,0.138247,263.756,8.43041,3.95792,378.676,100194
61,2024-01-06_08:00:00,35.8305,37.7992,0.0219534,0.00254729,0.00283053,0.138963,263.032,7.70442,3.77375,375.739,100284
61,2024-01-06_09:00:00,21.8156,22.8101,0.0222984,0.00268042,0.002488,0.138911,262.441,7.37375,3.75213,365.329,100355
61,2024-01-06_10:00:00,15.5335,16.0963,0.0225609,0.00285273,0.00235513,0.138702,261.726,6.78926,3.68315,362.632,100438
61,2024-01-06_11:00:00,12.8928,13.2484,0.0227242,0.00283855,0.00231287,0.13849,260.936,6.8639,3.65664,351.651,100509
61,2024-01-06_12:00:00,12.6407,12.8717,0.0227913,0.00275418,0.00231364,0.138469,260.094,6.91164,3.38797,331.159,100559
61,2024-01-06_13:00:00,14.1238,14.2857,0.0228163,0.00267457,0.00229742,0.138572,259.196,6.79444,3.06653,273.299,100601
61,2024-01-06_14:00:00,16.474,16.5908,0.0228789,0.0026008,0.00226542,0.138691,258.402,6.57659,2.78642,272.565,100648
61,2024-01-06_15:00:00,19.9271,20.0201,0.0230141,0.00252694,0.00223203,0.138637,257.708,6.01072,2.13446,274.154,100704
61,2024-01-06_16:00:00,23.1027,23.1822,0.0230808,0.00248107,0.00220408,0.138667,256.944,5.05459,1.26069,252.292,100756
61,2024-01-06_17:00:00,28.0101,28.0856,0.0232007,0.00246317,0.00224152,0.138498,256.458,4.15975,0.709918,332.279,100811
61,2024-01-06_18:00:00,33.9569,34.0384,0.0234674,0.00242382,0.00231853,0.137922,256.099,3.36881,0.432571,331.384,100870
61,2024-01-06_19:00:00,40.3058,40.395,0.0238745,0.00232836,0.00230415,0.137122,255.756,3.54273,0.506197,340.686,100908
61,2024-01-06_20:00:00,42.3857,42.474,0.0239998,0.00223282,0.00219343,0.136808,255.244,3.50021,0.197953,277.792,100952
61,2024-01-06_21:00:00,45.5808,45.6702,0.0241615,0.00216049,0.00210061,0.136303,254.429,3.34558,0.018158,273.171,100999
61,2024-01-06_22:00:00,48.7209,48.8077,0.0242159,0.00209784,0.00203936,0.135863,253.647,2.74446,0.166382,197.116,101036
61,2024-01-06_23:00:00,52.7448,52.8331,0.0247017,0.00199038,0.00200737,0.134773,252.897,2.56657,-0.236541,187.788,101081
61,2024-01-07_00:00:00,57.5455,57.6326,0.0254254,0.00183521,0.00200537,0.1331,252.138,1.65444,-0.874953,200.264,101135
62,2024-01-06_00:00:00,1.38717,6.71298,0.0266799,0.00572605,0.0121854,0.132725,270.05,3.76332,5.33774,0,98802.2
62,2024-01-06_01:00:00,17.4554,24.8994,0.0247111,0.00447841,0.0105551,0.134378,269.364,4.20459,6.62213,440.36,98881.1
62,2024-01-06_02:00:00,11.8649,21.4991,0.0235955,0.00333022,0.0097682,0.132021,268.921,5.36552,7.24186,468.076,98889.1
62,2024-01-06_03:00:00,63.6448,77.153,0.0227544,0.00310696,0.00931412,0.130516,268.731,8.11154,5.74804,756.752,98952.1
62,2024-01-06_04:00:00,176.574,186.71,0.0223832,0.00247167,0.00663957,0.133066,266.643,8.07038,3.9226,579.393,99070.2
62,2024-01-06_05:00:00,123.492,132.125,0.0218867,0.00237926,0.00579298,0.134548,264.73,8.34603,3.9311,435.616,99116.8
62,2024-01-06_06:00:00,68.7751,73.9024,0.0211555,0.00239736,0.00438774,0.137004,263.36,8.52585,3.52231,376.67,99173.9
62,2024-01-06_07:00:00,37.5506,40.3363,0.0208661,0.00256805,0.00350249,0.138276,262.477,7.91472,2.71139,380.046,99259.2
62,2024-01-06_08:00:00,18.4387,18.7794,0.0214731,0.00271697,0.00295146,0.138647,261.781,7.01727,1.97075,403.208,99351.8
62,2024-01-06_09:00:00,10.5393,11.1605,0.0223506,0.00282739,0.00271774,0.137755,260.923,6.31921,1.90509,347.614,99430.9
62,2024-01-06_10:00:00,8.90736,9.27853,0.022802,0.00294693,0.00264055,0.137732,259.645,5.36563,1.89474,313.399,99522.1
62,2024-01-06_11:00:00,10.244,10.5188,0.0229844,0.00291891,0.00261759,0.137574,258.856,4.95627,2.14397,296.787,99602.3
62,2024-01-06_12:00:00,14.0269,14.2436,0.0230421,0.0028391,0.00262471,0.137364,258.04,4.81585,2.23432,282.695,99653.8
62,2024-01-06_13:00:00,19.3979,19.5637,0.0230258,0.00278139,0.00263463,0.13742,256.606,4.43738,1.92746,220.036,99689.4
62,2024-01-06_14:00:00,23.7759,23.9051,0.0229956,0.0027332,0.00262265,0.138025,253.73,3.90673,1.57517,187.483,99729.1
62,2024-01-06_15:00:00,26.782,26.8875,0.0229846,0.00268691,0.00259254,0.139247,252.364,3.69025,1.26631,189.115,99781.1
62,2024-01-06_16:00:00,30.2714,30.3655,0.0230245,0.00265186,0.00255679,0.139833,252.03,3.55924,0.850838,147.255,99834.1
62,2024-01-06_17:00:00,33.7725,33.8641,0.0230637,0.00260806,0.00249339,0.14064,251.625,3.17406,0.558094,134.936,99893
62,2024-01-06_18:00:00,39.1896,39.2872,0.0234598,0.00249607,0.00242293,0.140416,250.915,2.99388,0.791324,94.0116,99946.9
62,2024-01-06_19:00:00,43.0742,43.1743,0.0237492,0.00237716,0.00232279,0.140264,249.317,2.93495,0.778731,71.0454,99989.9
62,2024-01-06_20:00:00,44.1717,44.2465,0.0237824,0.00229377,0.00220457,0.141262,248.58,2.69,0.789783,65.05,100039
62,2024-01-06_21:00:00,46.475,46.4976,0.0240232,0.00218982,0.00207739,0.142781,247.648,2.33183,1.15547,58.548,100081
62,2024-01-06_22:00:00,49.7312,49.8284,0.024435,0.00206611,0.00198214,0.144581,247.216,2.0383,0.94315,56.3955,100116
62,2024-01-06_23:00:00,52.9272,53.0226,0.0248075,0.00196087,0.00190765,0.142128,246.476,2.03709,0.437682,54.0701,100162
62,2024-01-07_00:00:00,54.9882,55.0791,0.0250926,0.00187419,0.00181226,0.144587,246.961,1.51237,0.0314401,72.5478,100217
63,2024-01-06_00:00:00,2.05491,10.2408,0.0279595,0.00522042,0.011163,0.132747,270.068,4.03271,5.32873,0,98775.4
63,2024-01-06_01:00:00,14.8839,22.3743,0.0251458,0.00376439,0.0095059,0.130849,269.76,4.1696,5.83472,476.22,98849.1
63,2024-01-06_02:00:00,14.6261,24.6995,0.0242364,0.00280806,0.00850797,0.130653,268.999,4.81796,6.10516,538.403,98859.4
63,2024-01-06_03:00:00,39.0073,53.507,0.0241581,0.00266398,0.00789996,0.130354,269.066,7.48539,5.05056,764.05,98914
63,2024-01-06_04:00:00,219.42,232.238,0.0236738,0.00242944,0.00700957,0.13235,267.007,8.46938,3.68032,591.458,99011.3
63,2024-01-06_05:00:00,164.327,174.819,0.0228282,0.00229306,0.00604608,0.134563,264.935,8.82695,3.91764,438.261,99070.1
63,2024-01-06_06:00:00,103.222,110.242,0.0221602,0.00234247,0.0049927,0.136473,263.513,8.53239,3.5962,378.938,99138.8
63,2024-01-06_07:00:00,63.8964,68.0233,0.0216852,0.00249171,0.00398776,0.138205,262.414,8.28116,3.64954,348.076,99192.4
63,2024-01-06_08:00:00,36.8893,39.0583,0.021843,0.00262349,0.00320231,0.138912,261.677,6.08199,2.96081,395.083,99317.3
63,2024-01-06_09:00:00,21.9987,23.0959,0.02224,0.00275641,0.00276048,0.138853,260.878,5.17757,2.75067,387.271,99397.2
63,2024-01-06_10:00:00,15.2326,15.8376,0.0225468,0.00287685,0.00256714,0.138604,259.823,4.55351,2.4362,391.046,99478.1
63,2024-01-06_11:00:00,12.4353,12.809,0.0227549,0.00284765,0.00251345,0.138316,259.276,4.84053,2.51618,389.11,99543.4
63,2024-01-06_12:00:00,12.5779,12.8242,0.0228827,0.00275657,0.00249351,0.138149,258.384,4.36139,2.27291,306.627,99601
63,2024-01-06_13:00:00,14.5205,14.6979,0.0228902,0.00267369,0.00244163,0.138232,257.009,3.61432,1.99199,292.468,99645.3
63,2024-01-06_14:00:00,17.0789,17.2093,0.0229204,0.00259861,0.00236637,0.138373,255.207,3.04811,1.88835,287.966,99692.8
63,2024-01-06_15:00:00,19.8412,19.9433,0.0229889,0.00252611,0.00231373,0.138424,253.788,2.82085,1.72467,225.92,99752.8
63,2024-01-06_16:00:00,22.8996,22.9866,0.0230577,0.00246761,0.00230099,0.138443,253.464,2.79701,1.54181,229.41,99799.2
63,2024-01-06_17:00:00,26.4182,26.4981,0.0231222,0.0024501,0.00233652,0.138387,253.342,3.13291,1.69333,169.68,99851.1
63,2024-01-06_18:00:00,30.84,30.9224,0.0232989,0.0024231,0.00237345,0.138018,251.68,3.40874,1.41389,89.0011,99899.2
63,2024-01-06_19:00:00,34.7984,34.8847,0.0235018,0.0023511,0.00234651,0.137561,250.17,2.83048,0.919203,73.4266,99938
63,2024-01-06_20:00:00,39.117,39.2059,0.0237673,0.00224443,0.00229332,0.137012,249.601,2.50397,1.02812,72.0598,99986.8
63,2024-01-06_21:00:00,41.1255,41.2142,0.0239591,0.00214037,0.00217451,0.136521,248.721,2.73504,0.972371,61.8221,100026
63,2024-01-06_22:00:00,44.9522,45.0407,0.0242431,0.00206053,0.00214586,0.13578,247.698,2.54202,1.02746,57.7492,100056
63,2024-01-06_23:00:00,47.2824,47.3694,0.0244116,0.00197923,0.00207744,0.135194,246.99,1.99844,0.80064,56.7506,100105
63,2024-01-07_00:00:00,51.3276,51.415,0.0248758,0.0018696,0.00204298,0.134068,246.068,1.58207,0.526258,75.0003,100155
64,2024-01-06_00:00:00,1.81547,9.44832,0.0265196,0.0054902,0.0120016,0.13242,270.1,3.92759,5.58468,0,99268.5
64,2024-01-06_01:00:00,16.5868,19.5728,0.0249042,0.00449801,0.0108057,0.131328,269.426,3.71997,6.29277,418.087,99352.5
64,2024-01-06_02:00:00,15.0784,17.1752,0.0236804,0.00324197,0.00961118,0.130196,268.962,4.54818,6.87498,446.579,99366.8
64,2024-01-06_03:00:00,81.1149,96.0966,0.0231463,0.00313196,0.00919037,0.130635,268.388,7.53426,5.14532,675.549,99429.2
64,2024-01-06_04:00:00,221.592,234.098,0.0230902,0.00249825,0.00706006,0.132728,265.715,7.47184,3.77585,482.502,99552
64,2024-01-06_05:00:00,161.905,172.654,0.0226742,0.00235381,0.0060818,0.13421,263.672,6.31722,4.06919,348.418,99628.5
64,2024-01-06_06:00:00,106.788,114.143,0.0222772,0.0022785,0.00491999,0.135934,262.458,4.73968,3.6395,328.336,99720.6
64,2024-01-06_07:00:00,65.0309,69.2623,0.0217692,0.00242454,0.00381527,0.13792,261.63,5.00129,3.70631,303.342,99776.5
64,2024-01-06_08:00:00,35.9237,38.045,0.0217956,0.00247819,0.0029855,0.138967,260.727,5.16197,3.67585,248.056,99837.5
64,2024-01-06_09:00:00,21.128,22.1761,0.0220896,0.00265887,0.00257111,0.139041,259.326,4.90797,3.31586,216.508,99918.1
64,2024-01-06_10:00:00,14.3526,14.9141,0.0223987,0.00286513,0.00242125,0.138749,257.832,5.34891,3.29697,186.835,99989.9
64,2024-01-06_11:00:00,11.8853,12.2328,0.0225956,0.00286821,0.00235912,0.138471,256.756,5.48831,3.36441,153.028,100060
64,2024-01-06_12:00:00,12.0544,12.1782,0.0226759,0.0027846,0.00231871,0.138393,255.558,5.13964,3.19039,134.85,100112
64,2024-01-06_13:00:00,13.6237,13.7868,0.0227093,0.00269625,0.0022293,0.138465,253.691,4.3033,2.83583,121.891,100156
64,2024-01-06_14:00:00,14.8721,14.9921,0.0227055,0.00259766,0.00214327,0.138669,251.056,3.42487,2.91349,116.071,100205
64,2024-01-06_15:00:00,16.7621,16.8546,0.0227778,0.00250401,0.00208831,0.138795,250.45,3.00651,2.80681,110.543,100265
64,2024-01-06_16:00:00,20.1437,20.2195,0.0228685,0.00244356,0.00207321,0.138804,248.897,2.96077,2.3139,98.386,100315
64,2024-01-06_17:00:00,24.2077,24.2769,0.0229546,0.00241055,0.00210406,0.138719,249.075,2.28579,2.00451,93.1215,100374
64,2024-01-06_18:00:00,28.8674,28.9371,0.0231088,0.00238645,0.00215509,0.138523,249.478,1.89355,1.91761,84.6187,100436
64,2024-01-06_19:00:00,33.5453,33.6176,0.0233146,0.00231877,0.00212546,0.138081,248.964,2.61255,2.0331,78.112,100480
64,2024-01-06_20:00:00,41.6849,41.7656,0.0238209,0.00225956,0.00222502,0.137012,248.919,3.36404,1.25633,65.4677,100523
64,2024-01-06_21:00:00,48.0685,48.157,0.0243236,0.00216274,0.00220689,0.135814,247.806,3.05613,0.677996,59.9201,100567
64,2024-01-06_22:00:00,54.1065,54.199,0.025027,0.00202633,0.00214212,0.134364,247.394,2.52927,0.518906,58.4691,100604
64,2024-01-06_23:00:00,57.5587,57.6459,0.0253842,0.00193249,0.00207661,0.133519,246.648,2.78931,-0.443279,55.9495,100647
64,2024-01-07_00:00:00,59.9549,60.0356,0.0254666,0.00187077,0.00195149,0.133033,245.517,2.61154,-1.21162,52.5771,100699
65,2024-01-06_00:00:00,1.56146,7.8468,0.0265183,0.00564834,0.012149,0.132576,270.07,3.80891,5.47371,0,99862.5
65,2024-01-06_01:00:00,17.576,20.0948,0.0247657,0.00453316,0.0107062,0.131343,269.946,3.4573,5.95206,425.662,99943.1
65,2024-01-06_02:00:00,13.5373,18.83,0.0235851,0.00333086,0.00986077,0.130295,269.836,4.20834,6.27791,459.441,99961.9
65,2024-01-06_03:00:00,71.3,85.6498,0.0228361,0.00316989,0.00941633,0.13073,269.51,6.35703,4.426,761.75,100043
65,2024-01-06_04:00:00,199.648,211.157,0.0226559,0.00251468,0.00700769,0.13316,267.418,6.06947,3.188,596.34,100161
65,2024-01-06_05:00:00,147.378,157.408,0.0222857,0.00238187,0.0060899,0.134573,265.582,5.57447,3.20665,488.382,100240
65,2024-01-06_06:00:00,92.0944,98.7318,0.0218121,0.0023152,0.0047981,0.13653,264.338,5.86638,3.12057,443.234,100293
65,2024-01-06_07:00:00,52.1743,55.8371,0.021277,0.00247722,0.00370287,0.13852,263.521,5.53016,2.53518,400.432,100367
65,2024-01-06_08:00:00,27.3754,29.1428,0.0214867,0.00262892,0.00299132,0.139131,262.799,5.2584,2.20961,382.17,100444
65,2024-01-06_09:00:00,16.5766,17.5219,0.0220275,0.00274894,0.00263116,0.138778,261.835,4.6595,2.01421,370.517,100525
65,2024-01-06_10:00:00,12.0711,12.5966,0.0224561,0.00290242,0.00247498,0.138288,260.597,4.60954,1.95689,339.268,100613
65,2024-01-06_11:00:00,10.9428,11.2763,0.0226454,0.00289213,0.00240553,0.138032,259.415,4.47963,1.95983,287.002,100695
65,2024-01-06_12:00:00,12.2378,12.3278,0.0227073,0.00281091,0.00237091,0.138019,258.485,4.06017,1.86629,273.156,100760
65,2024-01-06_13:00:00,15.6975,15.8616,0.0227578,0.00274878,0.00238709,0.138072,257.71,3.87621,1.6975,267.071,100808
65,2024-01-06_14:00:00,19.6548,19.7759,0.0228076,0.00268283,0.00237447,0.138209,256.812,3.57114,1.70741,260.647,100856
65,2024-01-06_15:00:00,22.9013,22.9975,0.0228725,0.00261926,0.0023519,0.138336,256.123,3.22806,1.56186,259.971,100912
65,2024-01-06_16:00:00,26.9836,27.0683,0.0230093,0.00257011,0.00237293,0.13826,255.382,2.49815,0.89694,267.809,100966
65,2024-01-06_17:00:00,31.557,31.639,0.0231205,0.00253892,0.00240033,0.138093,255.187,2.22004,0.439948,278.19,101024
65,2024-01-06_18:00:00,35.0477,35.1297,0.0232434,0.00247092,0.0023406,0.13786,254.384,2.15981,0.912262,260.185,101079
65,2024-01-06_19:00:00,38.5041,38.5523,0.0234234,0.00237837,0.0022779,0.137522,253.577,2.54553,0.742452,185.96,101129
65,2024-01-06_20:00:00,41.8137,41.8948,0.0235676,0.00231203,0.00217018,0.137116,252.895,2.40601,0.374968,137.125,101177
65,2024-01-06_21:00:00,44.6962,44.7736,0.0238126,0.00220793,0.00200258,0.136456,251.939,2.016,0.510365,101.527,101222
65,2024-01-06_22:00:00,46.8438,46.9284,0.0240746,0.00211317,0.00187755,0.13576,251.229,1.72113,0.344823,83.8496,101260
65,2024-01-06_23:00:00,50.3586,50.4441,0.0244615,0.0020192,0.00180646,0.134872,250.982,1.78869,-0.407131,79.0744,101308
65,2024-01-07_00:00:00,51.6482,51.7323,0.0246411,0.00194481,0.00171974,0.134261,250.77,1.48928,-0.69929,78.2276,101362
66,2024-01-06_00:00:00,0.92317,4.27602,0.0255847,0.00611967,0.0129088,0.132645,270.045,3.59562,5.21384,0,99009.2
66,2024-01-06_01:00:00,17.1683,20.9884,0.0235876,0.00479355,0.0115006,0.131137,269.723,3.47522,4.99563,467.11,99079.8
66,2024-01-06_02:00:00,11.5065,21.638,0.02278,0.00361572,0.0104574,0.130047,269.587,4.42171,5.6472,505.086,99091.7
66,2024-01-06_03:00:00,75.3568,87.3608,0.022029,0.00319057,0.0089904,0.131418,268.87,6.61957,4.42917,707.923,99149.4
66,2024-01-06_04:00:00,127.276,135.846,0.0214618,0.00252727,0.00606058,0.134671,266.465,6.46432,2.394,563.383,99285.1
66,2024-01-06_05:00:00,94.17,101.306,0.0214665,0.00236487,0.00520267,0.13604,264.649,6.31781,2.51384,473.719,99364.1
66,2024-01-06_06:00:00,57.126,61.5434,0.0208912,0.00241612,0.00404094,0.138091,263.345,6.94174,2.62702,394.325,99413.2
66,2024-01-06_07:00:00,30.2657,32.6213,0.0207389,0.00255479,0.00322045,0.139425,262.385,7.23218,2.5563,355.103,99465.3
66,2024-01-06_08:00:00,13.5709,14.6134,0.0212541,0.00268114,0.00271381,0.139498,261.688,6.77195,2.34387,324.88,99541.7
66,2024-01-06_09:00:00,7.75396,8.22752,0.0217357,0.00287479,0.00251942,0.139052,260.846,5.43071,2.07112,327.62,99637.8
66,2024-01-06_10:00:00,6.83727,7.12242,0.0220844,0.00306089,0.00246485,0.138494,259.794,4.24435,1.9417,325.051,99733.8
66,2024-01-06_11:00:00,8.61991,8.83769,0.0223299,0.00305709,0.00247091,0.138027,258.932,3.6263,1.83823,320.202,99820.3
66,2024-01-06_12:00:00,12.1256,12.3006,0.0223933,0.00298334,0.00247694,0.137956,258.086,3.21983,1.58224,318.097,99884.2
66,2024-01-06_13:00:00,15.8464,15.9844,0.0223449,0.00291787,0.00244974,0.138175,257.231,2.8656,1.34359,311.883,99928.3
66,2024-01-06_14:00:00,19.0001,19.1084,0.0222869,0.0028551,0.00239929,0.138479,256.372,2.84046,1.27507,293.048,99968.5
66,2024-01-06_15:00:00,21.6656,21.7542,0.0222919,0.00279343,0.00232929,0.138728,255.569,3.29968,1.19962,255.654,100019
66,2024-01-06_16:00:00,25.5087,25.589,0.0224047,0.0027223,0.00226121,0.138703,254.859,3.50562,0.886671,209.927,100076
66,2024-01-06_17:00:00,31.7194,31.8046,0.0227458,0.00263417,0.00224067,0.138174,254.248,3.34634,0.393925,188.009,100136
66,2024-01-06_18:00:00,36.281,36.3701,0.0231263,0.00251541,0.00213604,0.137454,253.48,2.81613,0.594462,172.623,100190
66,2024-01-06_19:00:00,37.7347,37.7562,0.0231184,0.00243832,0.00199996,0.137471,252.198,2.18524,1.10564,165.316,100238
66,2024-01-06_20:00:00,40.7733,40.8554,0.0232379,0.00234719,0.00184894,0.137097,251.46,2.52871,1.1304,135.947,100287
66,2024-01-06_21:00:00,43.9956,44.0801,0.0235121,0.00225157,0.00174377,0.136388,250.735,2.49453,1.2198,127.647,100326
66,2024-01-06_22:00:00,46.2971,46.3818,0.0237225,0.00217176,0.00164679,0.135836,249.871,1.9673,1.07013,110.963,100371
66,2024-01-06_23:00:00,47.1823,47.2637,0.0238221,0.00209879,0.0015417,0.135322,249.376,1.96394,0.770135,85.138,100418
66,2024-01-07_00:00:00,51.5537,51.6367,0.0243014,0.00198051,0.00152217,0.134216,249.028,1.68437,0.245525,56.1276,100470
67,2024-01-06_00:00:00,1.08237,4.89635,0.0265621,0.00591035,0.0124491,0.132866,270.037,3.67441,5.10389,0,98712.9
67,2024-01-06_01:00:00,15.5994,20.1711,0.0240141,0.00435259,0.0107425,0.131044,269.717,3.98108,5.57192,467.72,98790.6
67,2024-01-06_02:00:00,10.045,17.476,0.0231034,0.00322254,0.00939565,0.130892,269.406,4.51607,5.66936,592.647,98799.7
67,2024-01-06_03:00:00,67.6886,79.6186,0.022497,0.00298943,0.00874225,0.131654,269.052,8.42967,5.4504,772.898,98856
67,2024-01-06_04:00:00,131.4,139.686,0.0216361,0.002456,0.00594039,0.134935,266.879,9.15701,2.94705,607.583,98976.3
67,2024-01-06_05:00:00,94.0389,101.015,0.0214407,0.00234202,0.00519777,0.136436,264.434,8.3117,3.44858,430.239,99047.3
67,2024-01-06_06:00:00,56.8635,61.2284,0.0207791,0.00245185,0.0040995,0.138324,263.136,7.60377,3.16737,378.604,99128.2
67,2024-01-06_07:00:00,33.6112,36.198,0.0206977,0.00258252,0.0033861,0.139319,262.168,8.02734,3.42151,330.004,99165.9
67,2024-01-06_08:00:00,15.8741,16.534,0.0213335,0.00271183,0.00285041,0.139176,261.37,7.20351,2.89033,327.195,99253.3
67,2024-01-06_09:00:00,8.68377,9.23451,0.0219898,0.00285694,0.00262202,0.138577,260.442,5.94687,2.3956,297.145,99351
67,2024-01-06_10:00:00,7.27859,7.59369,0.0223954,0.00301703,0.00258655,0.137981,259.363,5.77129,2.37564,281.617,99425.5
67,2024-01-06_11:00:00,9.23236,9.46976,0.0227174,0.00299891,0.00262289,0.137406,258.63,5.98982,2.45446,206.089,99491.5
67,2024-01-06_12:00:00,13.9156,14.1119,0.0228522,0.00291949,0.00265337,0.137194,258.061,5.92153,2.30879,241.772,99548
67,2024-01-06_13:00:00,19.1518,19.3095,0.0227924,0.00286401,0.00265002,0.137436,256.772,5.36433,2.01497,162.872,99592.2
67,2024-01-06_14:00:00,22.883,23.0089,0.0226954,0.00281364,0.00260716,0.137815,255.381,4.67216,1.84135,148.616,99640.6
67,2024-01-06_15:00:00,25.9937,26.0999,0.0227102,0.00275282,0.00255933,0.138022,252.987,4.18862,1.56479,135.625,99693.4
67,2024-01-06_16:00:00,29.1677,29.2642,0.0228,0.00268969,0.00247739,0.138014,252.535,3.671,1.27506,124.024,99750.8
67,2024-01-06_17:00:00,34.582,34.6832,0.0232126,0.00257668,0.00242713,0.137315,251.972,3.17934,1.33426,115.301,99805.9
67,2024-01-06_18:00:00,40.5449,40.6554,0.0237777,0.0024382,0.00236755,0.136289,250.704,2.79593,1.20308,99.6344,99859.7
67,2024-01-06_19:00:00,43.1254,43.2361,0.0242098,0.00229342,0.00227293,0.135415,249.941,3.1259,1.1478,65.3159,99904
67,2024-01-06_20:00:00,44.0681,44.1487,0.0242649,0.00220536,0.00214386,0.135252,248.849,3.01641,1.19527,60.556,99952.5
67,2024-01-06_21:00:00,47.3297,47.3768,0.0244941,0.00210923,0.0020332,0.134706,247.913,2.81335,1.32604,58.29,99996.9
67,2024-01-06_22:00:00,49.5384,49.6375,0.024676,0.00202484,0.00193028,0.134225,247.339,2.54601,1.3141,56.4228,100033
67,2024-01-06_23:00:00,52.5842,52.6794,0.0250683,0.00191863,0.00188423,0.133362,247.182,2.3954,0.935201,54.2365,100081
67,2024-01-07_00:00:00,53.149,53.2381,0.0250988,0.00185645,0.00176146,0.132993,245.986,1.98265,0.526773,74.0603,100139
68,2024-01-06_00:00:00,0.901383,4.11997,0.0256423,0.00612527,0.0129002,0.132676,270.041,3.58508,5.18314,0,98867.9
68,2024-01-06_01:00:00,17.0723,20.7552,0.0236028,0.00479297,0.0114896,0.131149,269.642,3.65265,5.23488,469.877,98938.8
68,2024-01-06_02:00:00,11.1486,21.0516,0.0227787,0.00359549,0.0104132,0.130098,269.06,4.61846,5.81678,509.821,98947
68,2024-01-06_03:00:00,71.074,83.1352,0.0220275,0.00319996,0.00906582,0.13135,268.504,7.01005,4.7872,677.481,99005.6
68,2024-01-06_04:00:00,125.849,134.372,0.0214052,0.00253632,0.00604479,0.134698,265.356,6.38787,2.24583,520.146,99148
68,2024-01-06_05:00:00,94.3629,101.522,0.0214445,0.00237569,0.00521166,0.136022,263.904,6.72634,2.67881,390.781,99218.1
68,2024-01-06_06:00:00,57.2579,61.6815,0.0208739,0.00241515,0.00404007,0.138082,262.708,7.88899,3.22441,361.348,99255.4
68,2024-01-06_07:00:00,30.547,32.9286,0.0207187,0.0025469,0.00322264,0.139417,261.817,7.761,3.04853,314.766,99316.1
68,2024-01-06_08:00:00,13.5002,14.5504,0.0212386,0.00267711,0.00271181,0.139496,261.01,6.62962,2.43718,291.66,99408.8
68,2024-01-06_09:00:00,7.69937,8.18059,0.0217174,0.00287482,0.00250859,0.139058,259.933,4.46937,1.90148,238.838,99510.8
68,2024-01-06_10:00:00,6.73121,7.01906,0.0220674,0.00306186,0.00246716,0.138504,256.303,3.17667,1.69081,229.535,99599.5
68,2024-01-06_11:00:00,8.47063,8.68936,0.0223176,0.00305909,0.00247824,0.138032,255.748,3.01354,1.68004,254.837,99675.8
68,2024-01-06_12:00:00,12.0836,12.2603,0.0223896,0.00298662,0.00249169,0.137944,254.565,3.10153,1.57689,233.063,99731.8
68,2024-01-06_13:00:00,16.0382,16.1776,0.022344,0.00292425,0.00247139,0.138156,252.813,3.25121,1.50573,143.644,99768.4
68,2024-01-06_14:00:00,19.2768,19.3865,0.022288,0.00286092,0.00242007,0.138455,251.659,3.51031,1.4222,127.969,99806.1
68,2024-01-06_15:00:00,21.9846,22.0748,0.0223,0.00279733,0.00234289,0.13869,250.614,3.62695,1.24877,113.508,99862.9
68,2024-01-06_16:00:00,25.7951,25.8771,0.0224302,0.00272198,0.00226504,0.138653,250.983,3.39303,0.796078,94.502,99924.8
68,2024-01-06_17:00:00,32.1904,32.2784,0.0227916,0.00262833,0.00224632,0.138066,250.584,3.23325,0.536604,82.2806,99984.2
68,2024-01-06_18:00:00,36.6055,36.6973,0.0231776,0.00250888,0.00213555,0.137307,250.211,2.4584,0.646836,65.4352,100038
68,2024-01-06_19:00:00,38.0194,38.0689,0.023207,0.00242578,0.00201659,0.137269,248.997,2.1332,1.0967,56.2497,100086
68,2024-01-06_20:00:00,41.1865,41.2693,0.0233341,0.00233623,0.00186893,0.136887,247.586,2.50709,1.13762,53.1817,100135
68,2024-01-06_21:00:00,44.0508,44.1368,0.0235678,0.00224126,0.00176069,0.136253,246.893,2.35212,1.24615,52.259,100173
68,2024-01-06_22:00:00,46.5797,46.6656,0.0238069,0.00215893,0.00167176,0.135672,246.007,1.81341,1.13325,52.6494,100219
68,2024-01-06_23:00:00,48.3761,48.4602,0.0240482,0.00207046,0.00158652,0.13494,245.204,1.92646,0.780781,68.9607,100263
68,2024-01-07_00:00:00,52.1937,52.2778,0.0244809,0.00195438,0.00155569,0.133875,245.406,1.70689,0.257617,71.215,100316
69,2024-01-06_00:00:00,1.71954,8.35873,0.0275738,0.00545024,0.011592,0.132826,270.047,3.9322,5.24238,0,99626.8
69,2024-01-06_01:00:00,15.2044,21.8974,0.0249516,0.00393266,0.00970828,0.130936,270.151,3.65168,4.64476,456.949,99677.2
69,2024-01-06_02:00:00,12.9143,22.7915,0.0239577,0.00305683,0.00901398,0.130715,269.748,4.71418,5.02093,456.843,99673.7
69,2024-01-06_03:00:00,45.7451,59.158,0.0236185,0.00284483,0.00856151,0.130697,269.363,6.51868,4.25622,775.54,99732.3
69,2024-01-06_04:00:00,196.097,207.654,0.023,0.0024731,0.00701998,0.132987,267.257,6.7932,2.86322,582.221,99855.1
69,2024-01-06_05:00:00,149.245,159.352,0.0224242,0.00236487,0.00617045,0.134643,265.279,6.98947,3.02816,445.936,99914.2
69,2024-01-06_06:00:00,94.2506,101.079,0.0218637,0.00236103,0.00495881,0.136537,263.835,6.64528,2.5341,412.256,99992.8
69,2024-01-06_07:00:00,57.3926,61.4539,0.0213556,0.00250471,0.00392886,0.138351,262.88,5.23701,1.53943,445.853,100102
69,2024-01-06_08:00:00,31.5164,32.3029,0.0214552,0.00268504,0.00315448,0.13909,262.104,3.97067,1.73541,451.039,100212
69,2024-01-06_09:00:00,18.4504,19.5448,0.0219215,0.00281424,0.00273975,0.138951,261.326,3.51727,2.27796,439.634,100293
69,2024-01-06_10:00:00,12.9649,13.5694,0.022349,0.00291646,0.00253735,0.138535,260.349,3.90165,2.47648,372.734,100360
69,2024-01-06_11:00:00,11.1253,11.499,0.0225878,0.00287493,0.00245899,0.138229,259.443,3.97114,2.47301,349.303,100441
69,2024-01-06_12:00:00,11.6395,11.8874,0.0227075,0.00279291,0.00243645,0.138097,258.563,3.6675,2.3954,295.525,100507
69,2024-01-06_13:00:00,14.261,14.4392,0.0227364,0.00272761,0.00240488,0.138147,257.552,3.3385,2.40551,285.125,100554
69,2024-01-06_14:00:00,17.5626,17.6971,0.022766,0.00265623,0.00235397,0.13827,256.44,3.10791,2.32074,251.785,100594
69,2024-01-06_15:00:00,20.4087,20.5139,0.022793,0.00259238,0.00232598,0.138469,255.553,2.8661,1.86992,254.648,100648
69,2024-01-06_16:00:00,22.6407,22.729,0.0228301,0.0025408,0.00230815,0.138536,253.038,2.4567,1.47529,218.583,100705
69,2024-01-06_17:00:00,25.3089,25.3893,0.0229038,0.00249276,0.0022741,0.138362,254.235,3.0016,1.55053,137.685,100761
69,2024-01-06_18:00:00,29.0449,29.1232,0.0230252,0.00244369,0.00224195,0.138163,250.349,2.93434,1.1907,107,100814
69,2024-01-06_19:00:00,33.5088,33.5897,0.0232548,0.00237312,0.00221672,0.137717,249.016,2.56335,1.1227,83.9325,100865
69,2024-01-06_20:00:00,37.4258,37.5061,0.0233881,0.00228506,0.00212989,0.137469,249.425,2.51801,1.42933,75.238,100918
69,2024-01-06_21:00:00,40.8123,40.8289,0.0236294,0.00220737,0.00207931,0.136904,248.788,2.71498,1.16079,67.382,100958
69,2024-01-06_22:00:00,44.6227,44.7074,0.0239176,0.00210955,0.00196345,0.136119,247.107,2.78125,0.995333,62.3937,100993
69,2024-01-06_23:00:00,47.7186,47.8054,0.0242188,0.00201194,0.00186621,0.13519,246.88,2.72257,0.823766,60.2188,101043
69,2024-01-07_00:00:00,49.6058,49.6925,0.0244261,0.00193137,0.00180606,0.134327,246.172,2.14557,0.759744,60.4604,101099
70,2024-01-06_00:00:00,0.838421,3.67046,0.0258162,0.00613968,0.0128782,0.132768,270.033,3.55916,5.08197,0,98548.8
70,2024-01-06_01:00:00,16.3041,19.8154,0.0236451,0.00471923,0.01144,0.131111,269.546,3.77344,5.49276,455.162,98630.1
70,2024-01-06_02:00:00,10.2858,19.4245,0.0227699,0.0035056,0.0102149,0.130284,269.219,4.88106,5.96529,543.264,98635.2
70,2024-01-06_03:00:00,59.8824,72.0188,0.022007,0.00322085,0.00918408,0.131187,268.552,7.47077,5.18285,714.408,98697.8
70,2024-01-06_04:00:00,121.305,129.677,0.0212475,0.00256226,0.00599742,0.134834,265.344,7.44489,2.86264,484.083,98825.2
70,2024-01-06_05:00:00,91.6188,98.6713,0.0213303,0.00239583,0.00522097,0.13609,263.708,8.05043,3.66699,355.402,98863.2
70,2024-01-06_06:00:00,56.7681,61.1774,0.0208033,0.00241862,0.00404381,0.13809,262.419,7.55613,3.45942,327.986,98943.1
70,2024-01-06_07:00:00,30.7931,33.2264,0.0206517,0.00256869,0.00323246,0.139394,261.608,6.71519,2.97832,337.236,99028.8
70,2024-01-06_08:00:00,13.2662,14.3337,0.0211986,0.00270156,0.00271327,0.139442,260.821,6.30462,2.63249,301.081,99100.9
70,2024-01-06_09:00:00,7.32524,7.80471,0.0217262,0.00287964,0.00251278,0.13897,259.899,5.82273,2.46209,236.926,99167.3
70,2024-01-06_10:00:00,6.4719,6.75504,0.0221095,0.0030611,0.00248444,0.138393,258.653,5.6533,2.40394,235.095,99234.1
70,2024-01-06_11:00:00,8.36642,8.58451,0.0223558,0.00306031,0.00249893,0.137914,257.197,5.2666,2.36326,154.661,99304.8
70,2024-01-06_12:00:00,12.3535,12.5329,0.0224415,0.00298967,0.00251672,0.137807,256.212,5.03843,2.23047,141.43,99366.4
70,2024-01-06_13:00:00,16.8654,17.0087,0.0224156,0.0029291,0.00249633,0.137996,254.707,4.43666,1.92815,127.162,99415.2
70,2024-01-06_14:00:00,20.5851,20.7001,0.0223914,0.00286291,0.00244311,0.138245,252.596,4.02961,1.76222,114.015,99467.9
70,2024-01-06_15:00:00,23.7444,23.8423,0.0224591,0.00279418,0.00237969,0.138386,251.172,3.90862,1.63984,104.02,99529.6
70,2024-01-06_16:00:00,28.0011,28.093,0.0226458,0.00271061,0.0023122,0.138209,252.235,3.60901,1.1408,95.4416,99587.2
70,2024-01-06_17:00:00,34.6137,34.7124,0.0230433,0.00260234,0.00226291,0.137549,251.902,3.42981,0.775908,90.2632,99640.8
70,2024-01-06_18:00:00,40.5944,40.7021,0.0236531,0.0024526,0.00217848,0.136349,250.987,3.13072,0.866622,82.0018,99693.6
70,2024-01-06_19:00:00,41.4964,41.6006,0.0238479,0.0023361,0.00208465,0.135937,249.3,3.12445,1.09996,62.5515,99741.2
70,2024-01-06_20:00:00,42.7772,42.8626,0.0238208,0.00226461,0.0019394,0.135892,248.13,2.66747,1.56305,56.5738,99785.4
70,2024-01-06_21:00:00,45.9466,46.0409,0.0240606,0.00216932,0.00183751,0.135299,247.232,2.52771,1.75328,54.1406,99828.1
70,2024-01-06_22:00:00,49.1797,49.2726,0.0244271,0.00206712,0.0017823,0.134495,246.304,2.28156,1.63294,54.0012,99868.9
70,2024-01-06_23:00:00,52.386,52.4773,0.0250308,0.00193622,0.00176303,0.133209,245.903,2.40541,1.2463,54.1477,99913.4
70,2024-01-07_00:00:00,54.8997,54.9882,0.0254228,0.0018236,0.00171646,0.132188,246.11,2.35471,0.67171,54.0449,99971.1
71,2024-01-06_00:00:00,1.15225,5.24932,0.0267792,0.00584291,0.0123182,0.132893,270.036,3.71841,5.09516,0,98304.6
71,2024-01-06_01:00:00,16.2432,21.8596,0.0243865,0.0044002,0.0105875,0.131304,269.388,4.40558,5.95176,442.886,98379.9
71,2024-01-06_02:00:00,10.3872,17.476,0.0233866,0.00329592,0.00946527,0.130907,269.02,4.94018,6.1261,502.165,98388.9
71,2024-01-06_03:00:00,67.0833,78.8586,0.0227257,0.00292048,0.00860284,0.131746,268.818,8.60243,5.03171,753.315,98436.4
71,2024-01-06_04:00:00,136.852,145.307,0.0217696,0.0024582,0.00605577,0.13477,266.878,9.35088,2.63931,612.162,98543.7
71,2024-01-06_05:00:00,96.3311,103.394,0.0214678,0.00234367,0.00523558,0.136473,264.379,8.91694,2.80085,425.965,98610.4
71,2024-01-06_06:00:00,56.0213,60.3202,0.0207605,0.00245005,0.00409978,0.138442,263.016,8.67592,2.60274,357.954,98677.5
71,2024-01-06_07:00:00,33.0917,35.6392,0.0206952,0.00258865,0.00341078,0.139335,262.03,8.98553,2.67337,311.27,98716.3
71,2024-01-06_08:00:00,16.1251,16.6603,0.0214094,0.00271154,0.00289131,0.139038,261.252,7.96803,1.92326,301.353,98810
71,2024-01-06_09:00:00,8.84154,9.39813,0.0221867,0.00284043,0.0026652,0.138244,260.447,7.16945,1.71456,272.934,98895.6
71,2024-01-06_10:00:00,7.50666,7.82625,0.0226361,0.00298503,0.00263158,0.13759,259.402,7.11197,1.93707,209.983,98966.7
71,2024-01-06_11:00:00,9.6301,9.87342,0.022965,0.00296344,0.00266706,0.137004,258.863,6.90756,2.04986,225.39,99042.1
71,2024-01-06_12:00:00,14.6754,14.8782,0.0231155,0.0028797,0.00269917,0.136768,258.01,6.16916,1.81056,197.755,99106.7
71,2024-01-06_13:00:00,20.2601,20.4246,0.0230488,0.00282636,0.00269341,0.137016,256.931,5.52356,1.49454,187.945,99155.1
71,2024-01-06_14:00:00,24.189,24.3203,0.0229214,0.00278397,0.00265398,0.137444,255.642,4.94209,1.3543,147.652,99199.5
71,2024-01-06_15:00:00,27.5623,27.6736,0.0229347,0.00272229,0.00261003,0.137662,253.369,4.25862,1.11177,136.973,99256
71,2024-01-06_16:00:00,30.6634,30.7642,0.0230019,0.00266961,0.00253733,0.137724,252.285,3.92629,0.788101,123.239,99315.4
71,2024-01-06_17:00:00,36.2743,36.38,0.0234624,0.00255157,0.00248496,0.136901,251.992,3.723,0.707211,101.659,99369.4
71,2024-01-06_18:00:00,42.2911,42.4068,0.0241136,0.00239451,0.00243339,0.135673,250.715,3.55802,0.542558,86.0259,99422
71,2024-01-06_19:00:00,45.1391,45.2547,0.0246374,0.00223468,0.00233781,0.13461,249.89,3.65999,0.725483,64.4818,99461.9
71,2024-01-06_20:00:00,45.7981,45.8877,0.0247472,0.00214003,0.00222025,0.134366,248.872,3.22451,0.939594,61.7575,99508.8
71,2024-01-06_21:00:00,48.3539,48.3823,0.0249569,0.00204331,0.00211772,0.134001,248.243,2.96304,1.17753,58.0294,99549.2
71,2024-01-06_22:00:00,49.9027,50.0009,0.0251025,0.00195838,0.00201554,0.133642,247.563,2.75181,1.14127,55.8139,99582.2
71,2024-01-06_23:00:00,53.046,53.1405,0.0254999,0.00185013,0.0019751,0.132611,246.689,2.8478,0.671704,54.3486,99631.4
71,2024-01-07_00:00:00,55.0936,55.1834,0.0258155,0.00175892,0.00192216,0.131786,246.21,2.57677,0.146705,54.2067,99688.9
72,2024-01-06_00:00:00,1.73889,8.57176,0.0273676,0.00545782,0.0116591,0.132744,270.055,3.90786,5.34365,0,99199.4
72,2024-01-06_01:00:00,16.0793,23.8009,0.025147,0.00411395,0.010158,0.131043,269.88,3.99886,5.58419,438.755,99258.9
72,2024-01-06_02:00:00,13.8419,24.3378,0.0239183,0.00312846,0.00927285,0.130543,269.657,4.93767,5.90682,460.163,99274.9
72,2024-01-06_03:00:00,51.2396,65.1592,0.0234835,0.00291516,0.00870952,0.130637,269.154,6.79464,4.72206,774.235,99341.4
72,2024-01-06_04:00:00,205.351,217.275,0.0230232,0.00248185,0.00699577,0.132855,266.941,7.01517,3.19025,579.482,99468.7
72,2024-01-06_05:00:00,155.353,165.712,0.0224796,0.00238051,0.00614344,0.134501,264.917,7.08942,3.40353,438.074,99541.7
72,2024-01-06_06:00:00,99.0798,106.108,0.021959,0.00237272,0.00496627,0.136354,263.483,6.99786,3.52993,375.698,99593.5
72,2024-01-06_07:00:00,59.8688,63.9792,0.0214357,0.00251361,0.00392166,0.138255,262.447,7.61186,3.42493,325.415,99615.7
72,2024-01-06_08:00:00,32.4294,34.36,0.0215407,0.00264572,0.00313699,0.139078,261.739,7.02516,2.86915,314.039,99691.7
72,2024-01-06_09:00:00,18.7123,19.7647,0.0219963,0.00277947,0.00272985,0.138927,260.97,5.70217,2.42021,313.357,99792.1
72,2024-01-06_10:00:00,13.298,13.886,0.0223854,0.00290607,0.00252775,0.138545,259.967,4.41501,2.2468,316.898,99901.4
72,2024-01-06_11:00:00,11.4405,11.8069,0.0225959,0.00287442,0.00244746,0.138264,259.042,4.0892,2.22427,295.94,99985.2
72,2024-01-06_12:00:00,11.9943,12.1735,0.0227103,0.00279433,0.00242372,0.138119,258.152,3.98552,2.02514,273.633,100041
72,2024-01-06_13:00:00,14.6325,14.8101,0.0227366,0.00272556,0.00237981,0.138142,257.134,3.67226,1.84424,225.698,100083
72,2024-01-06_14:00:00,17.793,17.925,0.0227607,0.00265051,0.00232137,0.138252,256.126,2.99033,1.92219,221.905,100136
72,2024-01-06_15:00:00,20.4486,20.5521,0.0227887,0.00258291,0.00229651,0.138394,255.486,2.74446,2.21424,225.048,100200
72,2024-01-06_16:00:00,23.0175,23.1041,0.0228295,0.00253339,0.00229502,0.138516,254.874,2.68128,2.3912,223.773,100256
72,2024-01-06_17:00:00,26.2459,26.3249,0.0228914,0.00249257,0.00228985,0.13846,254.296,2.61457,2.14587,208.357,100310
72,2024-01-06_18:00:00,30.7781,30.8575,0.0230542,0.00245502,0.00228629,0.138183,253.944,3.1451,1.84009,189.484,100362
72,2024-01-06_19:00:00,36.1493,36.2334,0.0233417,0.00237609,0.00224992,0.137677,253.337,3.40926,1.41825,132.74,100402
72,2024-01-06_20:00:00,39.4223,39.5048,0.0234855,0.00228619,0.00215258,0.137332,252.099,2.55636,1.21144,97.5591,100459
72,2024-01-06_21:00:00,42.9722,43.0374,0.0237331,0.0022014,0.00211032,0.13673,251.635,2.73088,1.38524,90.6643,100495
72,2024-01-06_22:00:00,47.3681,47.4561,0.0241221,0.00209835,0.00198966,0.135822,250.673,2.59722,1.20276,76.3156,100526
72,2024-01-06_23:00:00,50.6427,50.7307,0.0244567,0.00200447,0.00189193,0.135091,247.266,2.54368,1.04782,54.8609,100579
72,2024-01-07_00:00:00,52.8815,52.9686,0.0246781,0.00192374,0.00181472,0.13435,246.414,2.13276,0.899631,55.2057,100630
73,2024-01-06_00:00:00,1.52356,7.62516,0.0264845,0.00567438,0.012187,0.132588,270.068,3.79486,5.4597,0,99922.3
73,2024-01-06_01:00:00,17.4629,21.0639,0.024648,0.00450914,0.0108168,0.131272,270.09,3.29619,5.46546,429.058,99999.4
73,2024-01-06_02:00:00,13.3224,21.8556,0.0235309,0.00331112,0.00988091,0.130335,270.037,3.98897,5.74426,468.965,100018
73,2024-01-06_03:00:00,78.3753,92.3469,0.0227739,0.0031323,0.00937244,0.130936,269.778,6.15376,4.06104,775.442,100096
73,2024-01-06_04:00:00,193.469,204.6,0.0225212,0.00249912,0.00695439,0.133448,267.888,5.95324,2.76452,620.096,100217
73,2024-01-06_05:00:00,136.158,145.604,0.0221116,0.00237358,0.0060132,0.134947,266.056,5.62621,2.61673,512.794,100299
73,2024-01-06_06:00:00,82.6531,88.6654,0.0215547,0.00233432,0.00467621,0.137045,264.774,5.97322,2.45493,472.483,100358
73,2024-01-06_07:00:00,45.8354,49.1053,0.0211153,0.00251333,0.00363911,0.138828,263.975,5.43407,1.82796,443.154,100437
73,2024-01-06_08:00:00,23.293,24.8021,0.0215013,0.00265676,0.00299184,0.139124,263.247,5.19721,1.49796,417.252,100515
73,2024-01-06_09:00:00,14.0368,14.8387,0.0221959,0.00277994,0.00269682,0.138475,262.396,4.73698,1.38664,385.703,100596
73,2024-01-06_10:00:00,10.8668,11.3279,0.0226403,0.00291951,0.00257599,0.137927,261.309,4.66637,1.36773,363.492,100679
73,2024-01-06_11:00:00,10.854,11.1629,0.0227951,0.00290343,0.00252065,0.137715,260.226,4.42514,1.39152,326.737,100761
73,2024-01-06_12:00:00,13.1527,13.2792,0.0228395,0.00282432,0.00250079,0.137735,259.38,4.09155,1.29265,306.742,100825
73,2024-01-06_13:00:00,17.6102,17.7713,0.022883,0.00276633,0.00251807,0.137816,258.612,3.93973,1.07032,291.588,100871
73,2024-01-06_14:00:00,21.4869,21.6084,0.0228884,0.00270674,0.0024907,0.138029,257.692,3.44741,0.919365,278.573,100919
73,2024-01-06_15:00:00,24.6923,24.7905,0.0229366,0.00264823,0.00246439,0.138172,257.039,3.08852,0.679365,278.775,100975
73,2024-01-06_16:00:00,28.8266,28.9151,0.0230859,0.00260097,0.00246243,0.138079,256.149,2.51963,0.0984044,297.849,101027
73,2024-01-06_17:00:00,33.324,33.4093,0.0231708,0.00256959,0.00244919,0.137964,255.712,2.60431,-0.118727,305.865,101089
73,2024-01-06_18:00:00,37.3625,37.4508,0.023382,0.00248072,0.00237463,0.137528,254.996,2.28795,0.268799,272.795,101143
73,2024-01-06_19:00:00,39.6779,39.7308,0.0235246,0.00237497,0.00228326,0.137263,254.105,2.36997,0.2756,207.621,101195
73,2024-01-06_20:00:00,42.1456,42.2245,0.0235763,0.00231343,0.0021669,0.137051,253.267,2.22482,0.0842671,171.715,101242
73,2024-01-06_21:00:00,45.6892,45.7686,0.0238774,0.00220627,0.00200788,0.13632,252.453,1.70596,0.231593,139.198,101287
73,2024-01-06_22:00:00,47.8802,47.9686,0.0241317,0.00210983,0.00188469,0.135654,251.817,1.47617,0.112196,116.838,101326
73,2024-01-06_23:00:00,50.761,50.8484,0.0244262,0.00202383,0.00180655,0.134929,251.268,1.6506,-0.56014,102.604,101376
73,2024-01-07_00:00:00,52.8637,52.9505,0.0246517,0.00194565,0.00173332,0.134259,250.876,1.59265,-0.928529,107.264,101430
74,2024-01-06_00:00:00,1.82344,8.95561,0.0276724,0.00537927,0.0114665,0.132793,270.054,3.96188,5.28235,0,99101.1
74,2024-01-06_01:00:00,15.6718,23.0851,0.0251732,0.00395414,0.00968545,0.130969,269.73,4.78094,6.47354,442.645,99146.9
74,2024-01-06_02:00:00,13.994,24.352,0.024027,0.00303341,0.0088911,0.130581,269.28,5.97564,6.74729,457.022,99146.1
74,2024-01-06_03:00:00,45.5111,59.1063,0.0238264,0.00276614,0.00839439,0.130667,268.932,7.95055,5.41631,743.606,99201.4
74,2024-01-06_04:00:00,208.712,220.796,0.0231976,0.00245844,0.0070949,0.132779,266.865,8.49858,3.43466,555.599,99323.4
74,2024-01-06_05:00:00,156.026,166.341,0.0225347,0.002348,0.00618267,0.134639,264.918,9.19351,3.8862,404.258,99383.6
74,2024-01-06_06:00:00,100.315,107.356,0.0219922,0.00236386,0.00505138,0.136427,263.484,9.15177,3.90961,343.837,99430.9
74,2024-01-06_07:00:00,61.0475,65.1891,0.0214551,0.00250197,0.00399917,0.138263,262.455,8.43686,3.43154,328.343,99502.1
74,2024-01-06_08:00:00,34.2225,36.3949,0.02162,0.00264182,0.00320689,0.138996,261.763,5.94866,2.66677,382.857,99641.5
74,2024-01-06_09:00:00,20.1312,21.2446,0.022037,0.00278855,0.00276235,0.138904,260.862,3.89934,2.27882,445.689,99759.9
74,2024-01-06_10:00:00,13.9525,14.5642,0.0224113,0.00290197,0.00255943,0.138579,259.564,3.52368,2.34268,392.358,99830.1
74,2024-01-06_11:00:00,11.7368,12.1143,0.0226439,0.00286107,0.002482,0.138265,259,3.60665,2.39867,389.975,99901.5
74,2024-01-06_12:00:00,12.0999,12.3506,0.0227808,0.00277948,0.00245628,0.138081,258.227,3.40735,2.38098,307.115,99960.7
74,2024-01-06_13:00:00,14.5369,14.719,0.022816,0.00270744,0.00241635,0.138098,256.656,2.93018,2.20844,287.081,100006
74,2024-01-06_14:00:00,17.919,18.0552,0.0228476,0.00263357,0.00238203,0.138206,255.154,3.04512,2.37845,271.536,100048
74,2024-01-06_15:00:00,21.1489,21.2547,0.0228893,0.00257635,0.0023786,0.138355,255.097,3.72626,2.61017,196.671,100097
74,2024-01-06_16:00:00,24.1505,24.2404,0.0229523,0.00253387,0.0023939,0.1384,253.731,3.55037,2.1792,188.502,100147
74,2024-01-06_17:00:00,27.6515,27.7369,0.0230843,0.00249245,0.00240212,0.138179,252.37,3.44251,1.68478,101.432,100198
74,2024-01-06_18:00:00,32.5613,32.6484,0.0233067,0.00243905,0.00238771,0.137746,251.626,3.47439,1.37182,87.0456,100248
74,2024-01-06_19:00:00,36.4788,36.568,0.0234812,0.00236441,0.0023136,0.1374,249.136,3.08015,1.5965,68.9708,100295
74,2024-01-06_20:00:00,40.3149,40.4055,0.0237277,0.00225741,0.00224237,0.136898,249.287,2.70031,1.81863,66.3237,100345
74,2024-01-06_21:00:00,42.8377,42.9275,0.0239807,0.00215743,0.0021679,0.136333,247.986,3.24147,1.6062,57.6262,100383
74,2024-01-06_22:00:00,46.6356,46.726,0.0242233,0.00207499,0.00212945,0.135618,247.474,3.07474,1.55356,55.672,100417
74,2024-01-06_23:00:00,51.1598,51.2506,0.0247653,0.00195914,0.00201335,0.134431,247.146,2.87255,1.13873,54.9817,100466
74,2024-01-07_00:00:00,53.8528,53.9402,0.024967,0.00188552,0.0019228,0.133936,245.67,2.31271,1.33982,54.8551,100521
75,2024-01-06_00:00:00,1.48607,7.4788,0.026303,0.00571168,0.012286,0.132548,270.075,3.78605,5.47267,0,99544
75,2024-01-06_01:00:00,16.9332,20.5601,0.0243329,0.00444038,0.0109568,0.131054,269.912,3.38424,5.43265,435.474,99631.7
75,2024-01-06_02:00:00,13.6666,22.1804,0.023461,0.00329542,0.00996413,0.130323,269.868,4.10376,5.72028,481.431,99651.1
75,2024-01-06_03:00:00,90.1155,103.662,0.0227571,0.00309874,0.00923279,0.13117,269.459,6.72416,4.01976,755.996,99715.2
75,2024-01-06_04:00:00,190.86,201.869,0.0224774,0.00250607,0.00693086,0.133554,267.504,6.59911,2.84248,591.505,99829.2
75,2024-01-06_05:00:00,130.295,139.441,0.0220712,0.00237136,0.0059406,0.13511,265.643,6.35802,2.67788,488.159,99905.9
75,2024-01-06_06:00:00,78.8697,84.6217,0.0214892,0.00233406,0.0045975,0.137226,264.395,6.56595,2.67305,441.336,99965.5
75,2024-01-06_07:00:00,42.95,46.026,0.0210871,0.00248973,0.00357696,0.13896,263.583,6.17982,2.21831,394.197,100034
75,2024-01-06_08:00:00,21.5122,22.9775,0.0215276,0.00265196,0.00296948,0.139131,262.865,5.78635,1.92347,380.91,100116
75,2024-01-06_09:00:00,13.0058,13.7395,0.0222388,0.00276912,0.00270033,0.138422,262.036,5.28606,1.86451,367.189,100197
75,2024-01-06_10:00:00,10.4388,10.8723,0.0226651,0.00292325,0.00258626,0.137882,260.937,4.95324,1.77708,348.48,100286
75,2024-01-06_11:00:00,10.7652,11.0624,0.0228079,0.00291163,0.00253495,0.137685,259.846,4.78961,1.80143,313.849,100363
75,2024-01-06_12:00:00,13.343,13.4745,0.0228455,0.00283349,0.00252154,0.137731,258.983,4.67267,1.63039,280.046,100420
75,2024-01-06_13:00:00,17.8653,18.0219,0.0228777,0.00277614,0.00253085,0.137846,258.172,4.61851,1.32918,267.63,100464
75,2024-01-06_14:00:00,21.7376,21.8559,0.0228813,0.00271789,0.00250346,0.13807,257.266,4.30347,1.17644,246.431,100510
75,2024-01-06_15:00:00,25.0233,25.1195,0.0229371,0.00266186,0.00247971,0.138198,256.622,3.93312,0.893785,244.993,100569
75,2024-01-06_16:00:00,29.2157,29.3029,0.0231033,0.00261359,0.00246983,0.13808,256.095,3.37271,0.355328,252.088,100626
75,2024-01-06_17:00:00,33.4766,33.5607,0.0231864,0.00257564,0.00244231,0.137967,255.349,2.94098,-0.228159,263.976,100687
75,2024-01-06_18:00:00,37.9102,37.9983,0.0234226,0.00248203,0.00237347,0.137506,254.576,2.74159,0.15988,226.688,100740
75,2024-01-06_19:00:00,40.0917,40.1427,0.0235321,0.00238273,0.00228014,0.137269,253.655,2.54143,0.332558,188.229,100788
75,2024-01-06_20:00:00,43.4055,43.49,0.0236702,0.00231031,0.00215852,0.136903,252.844,2.73245,0.194865,136.037,100836
75,2024-01-06_21:00:00,46.6311,46.7209,0.0240288,0.00219633,0.00199846,0.13606,252.043,2.23911,0.316497,108.565,100877
75,2024-01-06_22:00:00,46.8538,46.939,0.0241266,0.0021104,0.00184648,0.135648,251.208,1.48872,0.125731,81.0458,100919
75,2024-01-06_23:00:00,49.1523,49.2357,0.0243974,0.0020282,0.00176527,0.134958,250.652,1.67883,-0.208158,76.1558,100968
75,2024-01-07_00:00:00,50.4499,50.5314,0.0245766,0.00195401,0.00167426,0.134362,250.231,1.63314,-0.614738,73.4449,101018
76,2024-01-06_00:00:00,1.50285,7.10772,0.0274682,0.00557219,0.0117953,0.132912,270.036,3.89043,5.12766,0,98651
76,2024-01-06_01:00:00,16.162,22.3549,0.024774,0.0041314,0.00977335,0.131082,269.518,4.04422,5.24155,473.28,98726.1
76,2024-01-06_02:00:00,11.0142,19.5238,0.0238412,0.0032439,0.0093373,0.130747,268.606,5.38343,5.74921,477.931,98718.2
76,2024-01-06_03:00:00,39.7275,52.9633,0.0232739,0.0029514,0.00890967,0.130628,268.716,8.15704,5.99568,732.972,98769.2
76,2024-01-06_04:00:00,184.878,195.535,0.0226266,0.00247701,0.00683915,0.13809,266.607,8.65434,3.68884,572.69,98905.8
76,2024-01-06_05:00:00,138.259,147.586,0.0220697,0.00239214,0.00601463,0.139703,264.696,8.36936,3.46658,453.778,98982.9
76,2024-01-06_06:00:00,79.4253,85.3019,0.0213854,0.00240192,0.0046429,0.141776,263.373,9.0254,3.73466,364.515,99008.3
76,2024-01-06_07:00:00,43.1276,46.3182,0.0208797,0.00257295,0.00365193,0.143996,262.293,9.11845,3.55898,322.57,99068.5
76,2024-01-06_08:00:00,21.9089,22.3871,0.0213764,0.00273159,0.00303773,0.144803,261.578,7.98913,3.10763,322.052,99174.8
76,2024-01-06_09:00:00,12.2051,12.9706,0.0221944,0.00283109,0.00273234,0.145332,260.75,6.79282,2.87639,306.849,99260.6
76,2024-01-06_10:00:00,10.03,10.5049,0.0226468,0.00292274,0.00258318,0.145382,259.628,5.53192,2.93797,261.033,99329.3
76,2024-01-06_11:00:00,10.2885,10.6444,0.022732,0.00288316,0.00246228,0.14332,258.594,4.85357,3.12087,293.49,99398.2
76,2024-01-06_12:00:00,11.4754,11.737,0.0227474,0.00279824,0.00240237,0.142813,257.48,4.49823,2.98037,212.176,99457
76,2024-01-06_13:00:00,14.4087,14.5782,0.0227516,0.00273065,0.00239162,0.144482,256.272,4.19241,2.77899,184.413,99505.3
76,2024-01-06_14:00:00,18.5217,18.6655,0.022765,0.00267164,0.00239613,0.146525,254.85,3.90369,2.71626,156.033,99552.7
76,2024-01-06_15:00:00,21.0961,21.2084,0.0227287,0.00260977,0.00236157,0.147825,252.658,3.43949,2.55916,149.581,99609.4
76,2024-01-06_16:00:00,24.1963,24.2903,0.022789,0.00255858,0.00235754,0.150478,251.617,3.48262,2.11556,135.112,99665.6
76,2024-01-06_17:00:00,29.9123,30.0015,0.0229423,0.00255173,0.00241808,0.155183,252.345,4.03054,1.54715,101.798,99717.3
76,2024-01-06_18:00:00,36.7636,36.8602,0.0233279,0.0024894,0.00242831,0.157864,251.846,4.2214,1.10949,78.2304,99773
76,2024-01-06_19:00:00,42.207,42.3008,0.0237637,0.00235908,0.0023634,0.159941,249.496,3.70201,1.21819,61.7568,99818.7
76,2024-01-06_20:00:00,41.2093,41.2856,0.0236757,0.00226956,0.00225778,0.160769,249.162,3.12624,1.61002,58.4942,99869.6
76,2024-01-06_21:00:00,42.7728,42.791,0.0237749,0.0021895,0.00216487,0.161416,248.419,3.2776,1.61336,54.916,99907.1
76,2024-01-06_22:00:00,48.5414,48.6145,0.0246225,0.00201981,0.00211179,0.167791,246.924,3.41841,1.25036,54.9795,99940.6
76,2024-01-06_23:00:00,54.7045,54.7988,0.0258269,0.0018003,0.00215561,0.161995,247.475,3.19272,0.768657,56.433,99990.7
76,2024-01-07_00:00:00,56.6323,56.7189,0.0265264,0.00164974,0.00214276,0.144479,247.19,2.7706,0.367465,58.4733,100043
77,2024-01-06_00:00:00,1.45014,6.8958,0.0271943,0.00563192,0.0119385,0.132853,270.04,3.83657,5.20201,0,98570.8
77,2024-01-06_01:00:00,16.7667,23.4687,0.0248184,0.00427327,0.0102499,0.131197,269.476,4.78803,5.91807,454.234,98628.5
77,2024-01-06_02:00:00,11.3405,20.1579,0.0237694,0.00327096,0.00952069,0.131462,268.738,5.91449,6.5847,464.06,98627.6
77,2024-01-06_03:00:00,48.2061,61.7761,0.0230705,0.00304816,0.0091808,0.135552,268.658,8.66285,6.34217,716.707,98681.7
77,2024-01-06_04:00:00,181.543,191.919,0.0225251,0.00246878,0.00674842,0.143137,266.551,9.40877,3.8886,541.913,98804
77,2024-01-06_05:00:00,130.261,139.198,0.0219726,0.00238633,0.00590701,0.143832,264.554,8.79574,3.26847,434.718,98895.5
77,2024-01-06_06:00:00,73.6376,79.1181,0.0212569,0.00241351,0.0045135,0.145568,263.258,8.27668,3.0984,398.762,98970.4
77,2024-01-06_07:00:00,39.6623,42.6133,0.0208457,0.00259051,0.00357374,0.146507,262.303,9.07865,3.28996,356.591,99002.8
77,2024-01-06_08:00:00,19.8414,20.4027,0.0214341,0.00272969,0.00300006,0.146986,261.56,8.7487,3.046,313.731,99075.7
77,2024-01-06_09:00:00,11.0434,11.7192,0.0223109,0.00282804,0.00273648,0.147965,260.65,7.47262,2.47826,268.81,99170.6
77,2024-01-06_10:00:00,9.00648,9.40071,0.022808,0.00293532,0.00263985,0.150025,259.609,6.31723,2.30258,252.093,99257.7
77,2024-01-06_11:00:00,9.88349,10.1769,0.0229701,0.00290442,0.00258995,0.152129,258.606,4.97122,2.45408,228.837,99344
77,2024-01-06_12:00:00,12.881,13.112,0.0230041,0.00282045,0.00256675,0.153149,257.655,4.36188,2.33468,222.441,99398.2
77,2024-01-06_13:00:00,17.6392,17.8166,0.0229908,0.0027568,0.0025682,0.154997,256.361,4.0538,1.97719,188.465,99434.2
77,2024-01-06_14:00:00,22.5889,22.7262,0.0229748,0.00270688,0.00258191,0.156927,254.828,3.88726,1.81725,162.398,99476.8
77,2024-01-06_15:00:00,25.8806,25.9914,0.0229481,0.0026639,0.00257089,0.15801,253.226,3.91516,1.73821,143.608,99531.5
77,2024-01-06_16:00:00,29.3229,29.4205,0.0230117,0.00262692,0.00254718,0.158614,251.831,3.65432,1.2744,133.615,99591.4
77,2024-01-06_17:00:00,33.2824,33.377,0.0231139,0.00258872,0.00250118,0.156544,251.301,3.63363,0.972606,111.784,99643.7
77,2024-01-06_18:00:00,38.6019,38.7026,0.0235339,0.00247543,0.00243611,0.157152,250.605,3.6633,0.83385,83.7396,99693.9
77,2024-01-06_19:00:00,43.8128,43.9183,0.0239688,0.00234097,0.00236664,0.158447,249.253,3.70468,0.827877,63.6482,99736.2
77,2024-01-06_20:00:00,43.8,43.8743,0.0238924,0.00225963,0.00226016,0.167234,248.881,2.76654,1.20626,62.8401,99785.3
77,2024-01-06_21:00:00,44.798,44.8069,0.0239676,0.00218026,0.00215096,0.176152,247.888,2.8423,1.22332,57.2186,99827.5
77,2024-01-06_22:00:00,50.1032,50.1953,0.0248121,0.00200322,0.00210819,0.176067,247.433,2.98528,0.770605,56.4556,99857
77,2024-01-06_23:00:00,55.6369,55.7314,0.0259612,0.00178991,0.00214283,0.154014,246.748,2.83491,0.192664,57.0527,99908.5
77,2024-01-07_00:00:00,56.3151,56.4004,0.0265192,0.00165887,0.00210616,0.137655,247.474,2.65256,-0.292483,56.8225,99958.8
78,2024-01-06_00:00:00,1.11368,4.92769,0.0270486,0.00582844,0.0122617,0.133002,270.033,3.75185,4.93994,0,98220.2
78,2024-01-06_01:00:00,16.158,21.5508,0.0244602,0.00436012,0.0102939,0.133402,269.417,4.08195,5.25887,446.207,98291.3
78,2024-01-06_02:00:00,10.1585,16.5116,0.0234568,0.0033088,0.0092684,0.131875,269.189,4.87236,5.7783,481.325,98292.5
78,2024-01-06_03:00:00,47.7407,59.6458,0.0228149,0.00295157,0.00864957,0.131355,268.812,7.23359,4.66768,720.526,98336.7
78,2024-01-06_04:00:00,127.571,135.789,0.0215946,0.00247777,0.00600321,0.134816,266.709,8.5169,1.74163,580.983,98457.2
78,2024-01-06_05:00:00,98.2007,105.42,0.0214943,0.00234063,0.00530332,0.136296,264.279,8.56139,2.24717,416.572,98516.8
78,2024-01-06_06:00:00,57.3029,61.7226,0.0207839,0.00241369,0.00413742,0.138293,262.751,8.80737,2.64237,323.89,98549.5
78,2024-01-06_07:00:00,34.4373,37.1045,0.0206615,0.00255126,0.00343592,0.13929,261.721,8.11864,2.24124,309.324,98633.5
78,2024-01-06_08:00:00,16.8616,18.1797,0.021286,0.00269153,0.00289265,0.139144,260.899,7.97457,2.04437,254.133,98702
78,2024-01-06_09:00:00,8.83247,9.41795,0.0219973,0.0028383,0.00263785,0.138506,260.114,7.11853,1.92606,228.19,98785.3
78,2024-01-06_10:00:00,7.13252,7.45913,0.0224025,0.00300208,0.00258344,0.137937,259.275,6.12418,1.74562,226.79,98887.7
78,2024-01-06_11:00:00,8.67735,8.91931,0.0227151,0.00298936,0.00260669,0.137366,258.538,5.63122,1.57976,222.008,98973
78,2024-01-06_12:00:00,13.2194,13.4221,0.0229091,0.00290383,0.00264311,0.137035,257.879,5.57466,1.43156,206.677,99026.1
78,2024-01-06_13:00:00,18.6206,18.7854,0.0228641,0.00284646,0.00264594,0.137226,257.051,5.37122,1.25129,190.016,99067.2
78,2024-01-06_14:00:00,22.7987,22.9315,0.0227889,0.00279607,0.00260696,0.13756,256.145,4.92478,1.0433,157.673,99116.9
78,2024-01-06_15:00:00,26.0424,26.1545,0.0227943,0.00273479,0.00256193,0.137775,255.345,4.83691,0.832001,145.295,99173.5
78,2024-01-06_16:00:00,29.798,29.9021,0.0229831,0.00265688,0.00250404,0.137601,254.781,5.00385,0.638449,136.409,99227
78,2024-01-06_17:00:00,36.3095,36.4214,0.0235805,0.00252447,0.00246859,0.136583,254.259,4.91171,0.23803,134.065,99278.4
78,2024-01-06_18:00:00,42.4213,42.5435,0.0242569,0.00236275,0.00241367,0.135331,253.691,4.67197,0.0662018,126.034,99330.9
78,2024-01-06_19:00:00,44.6671,44.7836,0.0246468,0.0022255,0.00230411,0.134503,250.411,3.14896,0.241164,77.1431,99373.4
78,2024-01-06_20:00:00,45.2431,45.3338,0.0247724,0.0021214,0.00221203,0.134164,249.795,3.04425,0.531255,60.0865,99420.2
78,2024-01-06_21:00:00,48.403,48.4974,0.0251763,0.00199826,0.00215027,0.133384,249.11,3.12261,0.699097,58.5428,99458.3
78,2024-01-06_22:00:00,51.1208,51.213,0.0254844,0.00189557,0.00207443,0.132692,248.137,3.15085,0.548264,57.3288,99492.4
78,2024-01-06_23:00:00,53.1243,53.2154,0.0259344,0.0017777,0.00205976,0.131753,247.123,3.09004,0.212545,56.5319,99546.9
78,2024-01-07_00:00:00,54.9555,55.0396,0.02666,0.00162736,0.00207799,0.130174,247.278,3.06711,-0.386536,56.683,99598.9
79,2024-01-06_00:00:00,2.14335,11.0036,0.0274961,0.00521426,0.0113306,0.132547,270.082,4.0242,5.53064,0,99278.1
79,2024-01-06_01:00:00,15.3549,26.1004,0.0256539,0.00416289,0.00957145,0.131273,269.849,3.13121,5.82938,466.717,99371.8
79,2024-01-06_02:00:00,17.048,28.4508,0.0241658,0.00292735,0.00823199,0.130323,269.596,4.29027,6.96267,512.561,99382.3
79,2024-01-06_03:00:00,44.3806,59.8089,0.0240459,0.00278111,0.00759748,0.130282,269.117,6.39892,5.48894,778.052,99450.7
79,2024-01-06_04:00:00,236.77,250.348,0.0237748,0.00240283,0.00613383,0.132249,267.178,7.4035,3.77803,600.063,99572.7
79,2024-01-06_05:00:00,174.918,185.633,0.0229672,0.00230511,0.00552974,0.13424,265.314,7.45009,3.84245,454.501,99654.8
79,2024-01-06_06:00:00,107.536,114.637,0.0222839,0.00233842,0.00456135,0.136368,263.957,7.62902,3.62376,385.928,99719.9
79,2024-01-06_07:00:00,62.8242,66.7159,0.021778,0.00245841,0.00355518,0.138274,262.95,7.0596,3.36382,378.278,99805.3
79,2024-01-06_08:00:00,35.8372,37.8057,0.021961,0.00256607,0.00290782,0.138962,262.099,6.94171,3.18744,331.576,99872.7
79,2024-01-06_09:00:00,21.8324,22.827,0.0223293,0.00270199,0.00255661,0.13888,261.395,6.68332,3.22715,305.624,99937.4
79,2024-01-06_10:00:00,15.418,15.9751,0.0226142,0.00285865,0.0024222,0.13864,260.6,6.28183,3.2188,282.214,100012
79,2024-01-06_11:00:00,12.8953,13.2463,0.0227836,0.00284147,0.00238483,0.138419,259.86,6.28388,3.17823,250.838,100083
79,2024-01-06_12:00:00,13.0567,13.2879,0.0228725,0.0027546,0.00238354,0.138357,259.065,6.0983,2.84785,226.086,100138
79,2024-01-06_13:00:00,14.8967,15.0593,0.0228994,0.0026698,0.00233556,0.13844,258.175,5.68704,2.3903,205.827,100182
79,2024-01-06_14:00:00,17.166,17.2845,0.0229308,0.00259355,0.00228147,0.138596,257.412,5.27895,2.07994,193.367,100225
79,2024-01-06_15:00:00,20.2732,20.3674,0.023041,0.00251983,0.00222542,0.138574,256.683,4.67936,1.61937,188.918,100272
79,2024-01-06_16:00:00,23.7135,23.7947,0.023133,0.00247163,0.00220722,0.138551,255.592,3.60612,0.911056,198.473,100317
79,2024-01-06_17:00:00,28.6691,28.7465,0.0232621,0.00245662,0.00226913,0.138371,252.559,2.77518,0.311628,152.834,100377
79,2024-01-06_18:00:00,34.2523,34.3347,0.0235092,0.00241975,0.00234202,0.137836,253.208,2.35077,0.0712701,118.119,100436
79,2024-01-06_19:00:00,40.4804,40.5716,0.0239407,0.00232278,0.00233425,0.136985,252.615,2.696,0.0764355,92.5564,100476
79,2024-01-06_20:00:00,44.2533,44.3468,0.024289,0.00220463,0.00226176,0.136254,251.192,2.79603,-0.101359,82.6042,100523
79,2024-01-06_21:00:00,45.6562,45.748,0.0243029,0.00213308,0.0021338,0.136021,249.849,2.37788,-0.329634,79.8839,100567
79,2024-01-06_22:00:00,48.9016,48.9907,0.0243893,0.00207084,0.00207032,0.135602,249.047,2.24048,-0.193152,77.4308,100594
79,2024-01-06_23:00:00,51.7151,51.8034,0.0246462,0.00198709,0.00200451,0.134858,248.356,2.18066,-0.417867,69.3045,100640
79,2024-01-07_00:00:00,53.5111,53.5965,0.024946,0.00187377,0.00196596,0.133909,246.485,0.714136,-1.08558,89.7949,100698
80,2024-01-06_00:00:00,1.11806,5.10422,0.0265953,0.00588554,0.0124092,0.132855,270.038,3.6876,5.13016,0,98511.2
80,2024-01-06_01:00:00,15.663,20.362,0.0241149,0.00434478,0.0107632,0.130993,269.592,4.04973,5.69457,462.735,98590.4
80,2024-01-06_02:00:00,10.2157,17.7255,0.0232008,0.00320564,0.009369,0.130913,269.305,4.65473,5.83696,582.518,98598
80,2024-01-06_03:00:00,71.7576,83.5573,0.0225781,0.00295395,0.00867528,0.131761,268.917,8.46228,5.28418,768.701,98653.5
80,2024-01-06_04:00:00,134.724,143.059,0.0217254,0.00245007,0.00596289,0.134931,266.92,8.9946,2.84367,623.593,98774.5
80,2024-01-06_05:00:00,93.409,100.327,0.0214324,0.00233948,0.00518888,0.136528,264.485,8.47597,3.32828,436.663,98835.3
80,2024-01-06_06:00:00,55.7069,59.9815,0.020753,0.0024579,0.00409019,0.138437,263.114,7.77247,2.99317,378.825,98914.9
80,2024-01-06_07:00:00,32.931,35.4635,0.0207055,0.00259482,0.00339461,0.139338,262.184,8.16051,3.06167,336.686,98957.2
80,2024-01-06_08:00:00,15.6501,16.1942,0.0214081,0.00271378,0.0028737,0.139072,261.323,7.49246,2.60909,306.971,99032.6
80,2024-01-06_09:00:00,8.68318,9.22468,0.0221206,0.00285008,0.00265416,0.138375,260.502,6.27032,2.04622,302.628,99130.9
80,2024-01-06_10:00:00,7.43419,7.74806,0.0225409,0.00300265,0.00262155,0.137753,259.395,5.9229,1.99155,250.138,99209.6
80,2024-01-06_11:00:00,9.60618,9.8455,0.0228662,0.00298074,0.00265932,0.137178,258.833,6.16154,2.147,231.704,99275.5
80,2024-01-06_12:00:00,14.6092,14.8078,0.0230075,0.00289988,0.00269315,0.136968,258.044,5.97264,2.00747,200.844,99330.5
80,2024-01-06_13:00:00,20.0747,20.2348,0.022941,0.00284627,0.00269033,0.137227,256.667,5.38479,1.68071,169.87,99374.6
80,2024-01-06_14:00:00,23.8659,23.9937,0.0228276,0.00279957,0.00264746,0.137639,255.467,4.67534,1.46722,151.262,99424.7
80,2024-01-06_15:00:00,27.1405,27.2488,0.0228501,0.00273791,0.00260028,0.137833,253.352,4.18503,1.24311,139.302,99478
80,2024-01-06_16:00:00,30.3078,30.4064,0.0229328,0.00268196,0.00251766,0.13785,252.614,3.76712,0.993985,125.739,99534.6
80,2024-01-06_17:00:00,35.7447,35.8481,0.0233677,0.00256392,0.00246086,0.1371,252.061,3.32535,0.93416,109.908,99590.2
80,2024-01-06_18:00:00,41.5565,41.669,0.0239509,0.00241941,0.00239715,0.135996,250.599,2.98011,0.871227,88.7856,99642.8
80,2024-01-06_19:00:00,43.9533,44.065,0.0244012,0.00226993,0.00229804,0.135085,249.372,3.18846,0.914166,65.2926,99686.1
80,2024-01-06_20:00:00,44.9959,45.0813,0.0244742,0.00218078,0.00217279,0.134887,249.207,2.95351,1.04773,61.391,99733.8
80,2024-01-06_21:00:00,47.9166,47.9553,0.0246751,0.00208671,0.00205942,0.134395,248.562,2.70894,1.22361,58.0367,99777
80,2024-01-06_22:00:00,49.98,50.0793,0.0248816,0.00199733,0.00196007,0.133919,247.251,2.45829,1.25252,55.8827,99811.6
80,2024-01-06_23:00:00,53.5039,53.5999,0.0252929,0.00188853,0.00192138,0.132981,247.517,2.37279,0.843534,53.8547,99859
80,2024-01-07_00:00:00,54.8148,54.9053,0.0254698,0.00181101,0.00183357,0.132373,246.659,2.04601,0.406212,72.9111,99915.6
81,2024-01-06_00:00:00,1.17162,5.38742,0.0267205,0.00583956,0.0123234,0.132863,270.038,3.71547,5.13832,0,98313.5
81,2024-01-06_01:00:00,16.2314,21.5705,0.0243727,0.00439608,0.0106766,0.131129,269.398,4.30399,5.9952,442.807,98392.2
81,2024-01-06_02:00:00,10.4946,17.8547,0.0233825,0.00327568,0.00949638,0.13089,269,4.86691,6.15068,507.153,98399.6
81,2024-01-06_03:00:00,72.5966,84.2972,0.0227225,0.00290885,0.00857086,0.131829,268.819,8.40297,5.03285,761.224,98448.4
81,2024-01-06_04:00:00,140.177,148.704,0.0218497,0.00245368,0.00608057,0.134769,266.928,8.73207,2.78889,626.244,98565.4
81,2024-01-06_05:00:00,95.531,102.545,0.021462,0.00234512,0.00523134,0.136527,264.371,8.52549,2.95189,433.687,98622.3
81,2024-01-06_06:00:00,55.47,59.7233,0.0207548,0.00245484,0.00410119,0.138495,263.076,8.13355,2.71174,368.549,98694.3
81,2024-01-06_07:00:00,32.505,35.0058,0.0207109,0.00260121,0.0034121,0.139348,262.1,8.38587,2.61589,325.256,98739.2
81,2024-01-06_08:00:00,15.7086,16.2977,0.0214837,0.00271187,0.00290469,0.138952,261.342,7.69839,2.08365,313.636,98814.8
81,2024-01-06_09:00:00,8.80399,9.34809,0.0222871,0.00283761,0.00268753,0.138106,260.495,6.46899,1.55523,299.603,98912
81,2024-01-06_10:00:00,7.6324,7.94976,0.0227478,0.00297567,0.00265552,0.137426,259.434,6.25607,1.62964,251.821,98990.1
81,2024-01-06_11:00:00,9.96024,10.2047,0.0230853,0.00294827,0.00269264,0.136828,258.996,6.39345,1.84463,231.92,99057.9
81,2024-01-06_12:00:00,15.2772,15.4812,0.0232388,0.00286356,0.002729,0.136602,257.917,5.80156,1.70277,205.631,99116
81,2024-01-06_13:00:00,21.026,21.1914,0.0231675,0.00281213,0.00272195,0.136864,256.759,5.09095,1.36127,177.504,99163.5
81,2024-01-06_14:00:00,24.9127,25.0448,0.023023,0.00277277,0.00268158,0.137316,254.452,4.2646,1.07838,158.551,99213.5
81,2024-01-06_15:00:00,28.3636,28.4756,0.0230448,0.00271102,0.00263469,0.137537,252.759,4.10122,0.984595,147.163,99266.8
81,2024-01-06_16:00:00,31.6717,31.7739,0.0231291,0.00266029,0.00256719,0.137569,252.148,3.77976,0.717495,134.732,99324.4
81,2024-01-06_17:00:00,37.281,37.3881,0.0235906,0.00254143,0.00251065,0.136728,251.773,3.49432,0.586315,111.533,99378.6
81,2024-01-06_18:00:00,43.2513,43.368,0.0242572,0.00238042,0.00244933,0.135474,250.622,3.2876,0.500929,89.6432,99429.6
81,2024-01-06_19:00:00,45.7696,45.8847,0.0247585,0.00222223,0.00234914,0.13447,249.474,3.4255,0.658497,65.6298,99470.8
81,2024-01-06_20:00:00,46.4195,46.5106,0.0248451,0.0021314,0.00222733,0.134282,249.191,2.97614,0.851787,61.595,99517.5
81,2024-01-06_21:00:00,48.5489,48.5823,0.0250107,0.00203877,0.00211548,0.134018,248.143,2.69747,1.10556,57.6227,99558.9
81,2024-01-06_22:00:00,49.8373,49.9354,0.0250874,0.001962,0.00200434,0.1337,247.477,2.43265,1.12759,55.2699,99591.7
81,2024-01-06_23:00:00,53.0908,53.1856,0.025464,0.00185561,0.00195704,0.132701,246.554,2.53027,0.644616,53.751,99639.6
81,2024-01-07_00:00:00,55.2745,55.3646,0.0258837,0.00175224,0.00191922,0.131712,247.709,2.28486,0.140432,53.4269,99696.6
82,2024-01-06_00:00:00,1.79075,8.76625,0.0276396,0.00540292,0.0115083,0.132804,270.052,3.95201,5.26935,0,99408.8
82,2024-01-06_01:00:00,15.4377,22.5487,0.025089,0.00392434,0.00969425,0.130943,270.157,3.89521,5.27237,441.699,99453.7
82,2024-01-06_02:00:00,13.6684,23.8583,0.0240149,0.00303197,0.00891919,0.130636,269.817,4.90295,5.51912,456.859,99451.7
82,2024-01-06_03:00:00,46.8295,60.3396,0.0237652,0.0027893,0.00842119,0.130706,269.363,6.54899,4.40865,760.369,99507.9
82,2024-01-06_04:00:00,204.418,216.324,0.0231252,0.00246232,0.00707486,0.132853,267.269,6.90686,2.81029,577.419,99633.9
82,2024-01-06_05:00:00,152.804,163.002,0.0224833,0.00235464,0.00617899,0.134671,265.194,7.55887,3.25435,427.911,99688.8
82,2024-01-06_06:00:00,97.6308,104.559,0.0219231,0.00236849,0.00502124,0.136501,263.715,7.35302,3.14934,359.037,99743.3
82,2024-01-06_07:00:00,59.3472,63.4351,0.0214101,0.00250497,0.00397774,0.138293,262.677,6.31983,2.42749,345.629,99830.1
82,2024-01-06_08:00:00,33.2461,34.9469,0.0215726,0.00265252,0.00319484,0.139015,261.957,4.28147,1.80025,400.768,99974
82,2024-01-06_09:00:00,19.5182,20.6219,0.0220156,0.00279741,0.00276067,0.138893,261.247,3.20751,1.8725,434.813,100082
82,2024-01-06_10:00:00,13.58,14.1854,0.0224098,0.00290632,0.00256078,0.138532,260.367,3.32512,2.15362,376.933,100148
82,2024-01-06_11:00:00,11.515,11.8876,0.0226476,0.00286504,0.00248761,0.138198,259.54,3.39465,2.20406,345.644,100222
82,2024-01-06_12:00:00,12.0478,12.294,0.0227858,0.00278533,0.00246705,0.138026,258.713,3.22447,2.24514,329.278,100283
82,2024-01-06_13:00:00,14.6944,14.8742,0.0228178,0.00271677,0.00243273,0.138048,257.741,3.06405,2.36375,298.844,100330
82,2024-01-06_14:00:00,18.2325,18.3675,0.0228478,0.00264538,0.00239765,0.138162,256.845,3.22602,2.60706,229.57,100371
82,2024-01-06_15:00:00,21.5426,21.6481,0.0228891,0.0025899,0.00239828,0.138319,256.195,3.53452,2.49677,205.822,100421
82,2024-01-06_16:00:00,24.193,24.2828,0.0229501,0.00254423,0.0023985,0.13837,255.439,3.19634,1.95022,198.775,100474
82,2024-01-06_17:00:00,27.2902,27.3754,0.0230753,0.00249726,0.00239406,0.13818,254.899,3.16031,1.66457,195.851,100525
82,2024-01-06_18:00:00,31.6395,31.7251,0.0232723,0.00244109,0.00236105,0.137814,254.155,3.05682,1.30939,159.476,100578
82,2024-01-06_19:00:00,35.7105,35.7983,0.0234452,0.00236469,0.00228787,0.137476,250.006,2.49593,1.29747,91.1226,100627
82,2024-01-06_20:00:00,39.4794,39.5671,0.023602,0.00226741,0.00219661,0.137124,250.805,2.1508,1.48342,69.9186,100678
82,2024-01-06_21:00:00,41.7422,41.8116,0.0238464,0.00217526,0.00213049,0.136539,251.576,2.47778,1.26821,83.0925,100717
82,2024-01-06_22:00:00,45.7331,45.8214,0.0240976,0.00208983,0.00206261,0.135858,247.649,2.60878,1.27049,57.6056,100753
82,2024-01-06_23:00:00,49.9142,50.0028,0.0245578,0.00198222,0.00193828,0.134873,247.258,2.62199,0.974697,57.3908,100802
82,2024-01-07_00:00:00,52.2797,52.3664,0.0247501,0.00190789,0.00186008,0.134319,246.466,2.10582,1.12965,58.102,100858
83,2024-01-06_00:00:00,1.73889,8.57176,0.0273676,0.00545782,0.0116591,0.132744,270.055,3.90786,5.34365,0,99199.4
83,2024-01-06_01:00:00,16.0793,23.8009,0.025147,0.00411395,0.010158,0.131043,269.88,3.99886,5.58419,438.755,99258.9
83,2024-01-06_02:00:00,13.8419,24.3378,0.0239183,0.00312846,0.00927285,0.130543,269.657,4.93767,5.90682,460.163,99274.9
83,2024-01-06_03:00:00,51.2396,65.1592,0.0234835,0.00291516,0.00870952,0.130637,269.154,6.79464,4.72206,774.235,99341.4
83,2024-01-06_04:00:00,205.351,217.275,0.0230232,0.00248185,0.00699577,0.132855,266.941,7.01517,3.19025,579.482,99468.7
83,2024-01-06_05:00:00,155.353,165.712,0.0224796,0.00238051,0.00614344,0.134501,264.917,7.08942,3.40353,438.074,99541.7
83,2024-01-06_06:00:00,99.0798,106.108,0.021959,0.00237272,0.00496627,0.136354,263.483,6.99786,3.52993,375.698,99593.5
83,2024-01-06_07:00:00,59.8688,63.9792,0.0214357,0.00251361,0.00392166,0.138255,262.447,7.61186,3.42493,325.415,99615.7
83,2024-01-06_08:00:00,32.4294,34.36,0.0215407,0.00264572,0.00313699,0.139078,261.739,7.02516,2.86915,314.039,99691.7
83,2024-01-06_09:00:00,18.7123,19.7647,0.0219963,0.00277947,0.00272985,0.138927,260.97,5.70217,2.42021,313.357,99792.1
83,2024-01-06_10:00:00,13.298,13.886,0.0223854,0.00290607,0.00252775,0.138545,259.967,4.41501,2.2468,316.898,99901.4
83,2024-01-06_11:00:00,11.4405,11.8069,0.0225959,0.00287442,0.00244746,0.138264,259.042,4.0892,2.22427,295.94,99985.2
83,2024-01-06_12:00:00,11.9943,12.1735,0.0227103,0.00279433,0.00242372,0.138119,258.152,3.98552,2.02514,273.633,100041
83,2024-01-06_13:00:00,14.6325,14.8101,0.0227366,0.00272556,0.00237981,0.138142,257.134,3.67226,1.84424,225.698,100083
83,2024-01-06_14:00:00,17.793,17.925,0.0227607,0.00265051,0.00232137,0.138252,256.126,2.99033,1.92219,221.905,100136
83,2024-01-06_15:00:00,20.4486,20.5521,0.0227887,0.00258291,0.00229651,0.138394,255.486,2.74446,2.21424,225.048,100200
83,2024-01-06_16:00:00,23.0175,23.1041,0.0228295,0.00253339,0.00229502,0.138516,254.874,2.68128,2.3912,223.773,100256
83,2024-01-06_17:00:00,26.2459,26.3249,0.0228914,0.00249257,0.00228985,0.13846,254.296,2.61457,2.14587,208.357,100310
83,2024-01-06_18:00:00,30.7781,30.8575,0.0230542,0.00245502,0.00228629,0.138183,253.944,3.1451,1.84009,189.484,100362
83,2024-01-06_19:00:00,36.1493,36.2334,0.0233417,0.00237609,0.00224992,0.137677,253.337,3.40926,1.41825,132.74,100402
83,2024-01-06_20:00:00,39.4223,39.5048,0.0234855,0.00228619,0.00215258,0.137332,252.099,2.55636,1.21144,97.5591,100459
83,2024-01-06_21:00:00,42.9722,43.0374,0.0237331,0.0022014,0.00211032,0.13673,251.635,2.73088,1.38524,90.6643,100495
83,2024-01-06_22:00:00,47.3681,47.4561,0.0241221,0.00209835,0.00198966,0.135822,250.673,2.59722,1.20276,76.3156,100526
83,2024-01-06_23:00:00,50.6427,50.7307,0.0244567,0.00200447,0.00189193,0.135091,247.266,2.54368,1.04782,54.8609,100579
83,2024-01-07_00:00:00,52.8815,52.9686,0.0246781,0.00192374,0.00181472,0.13435,246.414,2.13276,0.899631,55.2057,100630
84,2024-01-06_00:00:00,1.78525,9.07849,0.0268682,0.00548305,0.0118558,0.132557,270.075,3.89135,5.51679,0,99782.6
84,2024-01-06_01:00:00,17.0933,24.2189,0.0252037,0.00445856,0.0105616,0.131389,269.672,3.2479,6.11586,419.738,99867.9
84,2024-01-06_02:00:00,14.8245,25.2086,0.0237854,0.00324814,0.0095569,0.130262,269.36,4.32094,6.5207,441.226,99878.5
84,2024-01-06_03:00:00,57.469,72.1625,0.0232169,0.00305373,0.00899955,0.130468,268.885,6.33943,4.91144,741.901,99957.2
84,2024-01-06_04:00:00,216.198,228.613,0.0231149,0.00249071,0.00708122,0.132633,266.213,6.69774,3.23063,531.959,100086
84,2024-01-06_05:00:00,167.472,178.427,0.0226619,0.00234972,0.00616564,0.134128,264.413,6.44391,3.61324,382.805,100154
84,2024-01-06_06:00:00,107.806,115.296,0.0222289,0.00230483,0.00500495,0.135936,263.274,7.17656,3.82877,330.358,100191
84,2024-01-06_07:00:00,65.7569,70.1114,0.0216935,0.00240645,0.00388725,0.137936,262.351,6.53053,3.30533,317.356,100272
84,2024-01-06_08:00:00,37.1199,39.3764,0.0217021,0.00252685,0.00304411,0.138959,261.417,5.34812,3.13746,293.137,100358
84,2024-01-06_09:00:00,22.1935,23.3544,0.0220046,0.00268819,0.00257351,0.139054,259.542,3.68909,2.85553,238.665,100448
84,2024-01-06_10:00:00,15.3483,15.9863,0.0223021,0.00285988,0.00238545,0.138827,256.164,2.79206,2.84185,211.686,100550
84,2024-01-06_11:00:00,12.295,12.6852,0.022508,0.00285283,0.00232284,0.13856,254.834,2.72587,3.06124,188.606,100627
84,2024-01-06_12:00:00,11.7778,11.8387,0.0226192,0.00276862,0.00229259,0.138445,253.872,2.86186,2.9772,159.106,100678
84,2024-01-06_13:00:00,13.2364,13.4161,0.022672,0.00268769,0.00226119,0.138464,252.658,3.0644,2.66813,131.1,100719
84,2024-01-06_14:00:00,15.9294,16.0584,0.0227423,0.00260908,0.0022355,0.138536,251.385,3.45707,2.49596,115.928,100764
84,2024-01-06_15:00:00,18.5596,18.659,0.0228148,0.00252761,0.00218416,0.138629,250.563,3.6055,2.22615,100.351,100819
84,2024-01-06_16:00:00,21.4649,21.5461,0.0228857,0.00246428,0.00214722,0.138667,249.591,3.48757,2.05868,95.1486,100872
84,2024-01-06_17:00:00,24.8767,24.9505,0.0229626,0.00241858,0.00215159,0.13857,249.517,2.42595,1.56614,88.8216,100942
84,2024-01-06_18:00:00,30.2455,30.3202,0.0231372,0.00239691,0.00222578,0.138293,250.41,2.31973,1.63906,82.6881,100992
84,2024-01-06_19:00:00,34.411,34.4871,0.0233568,0.00232054,0.00217991,0.13791,249.416,2.6994,1.82739,82.4034,101032
84,2024-01-06_20:00:00,39.5975,39.6779,0.0236767,0.00225631,0.00218158,0.137208,248.571,3.0042,1.10605,63.9545,101084
84,2024-01-06_21:00:00,43.3056,43.3873,0.0237925,0.00218934,0.00217326,0.136686,248.179,2.77068,0.698099,60.8577,101131
84,2024-01-06_22:00:00,49.3161,49.4013,0.0243171,0.00208583,0.00202947,0.13545,247.33,3.00356,0.0356567,56.4172,101160
84,2024-01-06_23:00:00,51.131,51.2122,0.0244179,0.00202844,0.0018839,0.135015,246.168,2.96634,-0.628524,54.8475,101213
84,2024-01-07_00:00:00,54.674,54.7553,0.024732,0.00193964,0.00179908,0.134221,245.576,2.82122,-0.83402,55.0607,101268
85,2024-01-06_00:00:00,1.20809,5.48769,0.027055,0.00577892,0.0121817,0.13295,270.034,3.77123,5.03414,0,98471.6
85,2024-01-06_01:00:00,15.8955,21.5289,0.0244896,0.00427582,0.0102397,0.135892,269.582,3.96971,5.09428,449.212,98540.4
85,2024-01-06_02:00:00,10.239,17.0594,0.0235765,0.00327849,0.00932315,0.134137,269.267,4.69597,5.28329,478.318,98547.3
85,2024-01-06_03:00:00,50.1235,62.3408,0.0228471,0.00297689,0.00873362,0.131162,268.949,6.57935,4.41067,743.788,98594.9
85,2024-01-06_04:00:00,139.404,148.043,0.0218982,0.00246571,0.00620051,0.134503,267.123,7.61838,2.40506,616.701,98693.7
85,2024-01-06_05:00:00,99.5243,106.732,0.0215061,0.00235095,0.00528268,0.13646,264.655,7.67416,2.216,449.795,98775.1
85,2024-01-06_06:00:00,56.5768,60.9288,0.0207808,0.00243516,0.00412674,0.138443,263.14,7.84357,2.49018,355.968,98823.3
85,2024-01-06_07:00:00,33.0934,35.6541,0.0206748,0.00258659,0.0034339,0.139339,262.144,7.44357,2.1837,323.129,98887.3
85,2024-01-06_08:00:00,16.5987,17.2037,0.0214414,0.00270963,0.0029221,0.138931,261.411,6.82364,1.67181,310.545,98981.2
85,2024-01-06_09:00:00,9.01775,9.59404,0.0222809,0.00282358,0.00268333,0.138076,260.598,6.66801,1.80466,245.064,99044.2
85,2024-01-06_10:00:00,7.56576,7.89305,0.0227802,0.00295813,0.00264364,0.137355,259.633,6.09942,1.69799,226.978,99130.2
85,2024-01-06_11:00:00,9.54029,9.78981,0.0231263,0.00293207,0.00266964,0.136749,258.964,5.25627,1.61977,224.471,99220.8
85,2024-01-06_12:00:00,14.5987,14.8084,0.0233051,0.00284288,0.00270108,0.136455,258.255,4.87742,1.46255,218.673,99279.6
85,2024-01-06_13:00:00,20.3795,20.5512,0.0232443,0.00278826,0.0026942,0.136678,257.592,4.74186,1.25202,218.222,99320
85,2024-01-06_14:00:00,24.5814,24.7188,0.0230918,0.00275167,0.00265534,0.137118,256.524,4.38524,1.03389,186.88,99366.5
85,2024-01-06_15:00:00,27.7413,27.8561,0.0230452,0.0026988,0.00260635,0.137451,255.813,4.14548,0.790146,180.602,99426.4
85,2024-01-06_16:00:00,30.9817,31.0857,0.0231206,0.00264666,0.00254537,0.137495,255.06,4.30423,0.551006,149.355,99482.4
85,2024-01-06_17:00:00,37.0726,37.1826,0.0236708,0.00252285,0.0025047,0.136542,254.569,4.49181,0.511826,139.216,99537.3
85,2024-01-06_18:00:00,43.1526,43.2723,0.0243861,0.00235283,0.00244623,0.135214,254.101,4.30661,0.27784,131.113,99592.4
85,2024-01-06_19:00:00,45.8465,45.9634,0.0248659,0.00220141,0.00234159,0.134238,252.101,3.12824,0.342669,94.8527,99635.7
85,2024-01-06_20:00:00,46.4901,46.5808,0.024987,0.00210085,0.00224952,0.134129,250.826,2.95541,0.655815,62.9355,99683.7
85,2024-01-06_21:00:00,48.2464,48.2652,0.0250777,0.00202031,0.00215692,0.133809,249.16,3.02596,0.93352,58.5623,99722.8
85,2024-01-06_22:00:00,49.7381,49.8281,0.0253115,0.00191942,0.00206979,0.133224,248.136,3.13099,0.817686,56.172,99755.7
85,2024-01-06_23:00:00,52.2452,52.3379,0.0256227,0.00181896,0.00200847,0.132362,248.212,3.02476,0.380293,55.3456,99811.6
85,2024-01-07_00:00:00,54.8878,54.9741,0.0263053,0.00168038,0.00202254,0.130924,247.308,3.20711,-0.179835,55.2562,99860.8
86,2024-01-06_00:00:00,2.06779,10.2802,0.0280495,0.00520354,0.0111105,0.132767,270.068,4.04555,5.30276,0,98627.9
86,2024-01-06_01:00:00,14.6583,21.8986,0.0251234,0.00370548,0.00940658,0.130829,269.691,4.12059,5.96844,473.427,98701.3
86,2024-01-06_02:00:00,14.3807,24.2475,0.0242841,0.0027611,0.00846891,0.130724,268.882,4.79761,6.24804,532.133,98709.8
86,2024-01-06_03:00:00,37.5544,52.0932,0.024217,0.00264574,0.0078687,0.130327,268.981,7.50276,4.98423,752.276,98761.9
86,2024-01-06_04:00:00,218.938,231.748,0.0237205,0.00242974,0.00697048,0.132329,266.948,8.37926,3.66054,584.969,98857
86,2024-01-06_05:00:00,165.213,175.719,0.0228526,0.00229151,0.00603455,0.134542,264.813,8.61621,3.79042,431.183,98919
86,2024-01-06_06:00:00,103.633,110.681,0.0221777,0.00233985,0.00498798,0.136461,263.402,8.2518,3.50503,387.377,98990.1
86,2024-01-06_07:00:00,64.1164,68.2671,0.021689,0.00249045,0.00398206,0.138197,262.34,7.57696,3.45494,384.551,99056.9
86,2024-01-06_08:00:00,37.2696,39.4643,0.0218415,0.0026352,0.0032022,0.1389,261.59,5.60856,2.79315,431.473,99178.3
86,2024-01-06_09:00:00,22.2615,23.3765,0.0222382,0.00276273,0.00275566,0.138847,260.822,5.10726,2.57599,390.393,99246.4
86,2024-01-06_10:00:00,15.3258,15.9375,0.0225507,0.00287567,0.00256249,0.138594,259.869,4.83327,2.46304,390.316,99319.1
86,2024-01-06_11:00:00,12.4563,12.8324,0.0227636,0.0028455,0.0025099,0.138301,259.226,4.90077,2.44744,328.271,99388.5
86,2024-01-06_12:00:00,12.5891,12.8417,0.0228963,0.00275371,0.0024902,0.138122,258.366,4.38403,2.17631,308.93,99448.7
86,2024-01-06_13:00:00,14.5047,14.6833,0.0229031,0.00267032,0.00243993,0.138205,257.222,3.81412,1.95416,296.072,99492.4
86,2024-01-06_14:00:00,17.0801,17.2115,0.0229242,0.0025944,0.0023622,0.138343,255.418,3.10652,1.76383,226.753,99540.2
86,2024-01-06_15:00:00,19.8968,19.9995,0.0229933,0.00252217,0.00230512,0.138398,254.304,2.96577,1.61023,224.245,99593.2
86,2024-01-06_16:00:00,23.0663,23.1539,0.0230721,0.00246459,0.00229591,0.138406,253.742,3.09626,1.50752,185.2,99637.5
86,2024-01-06_17:00:00,26.7671,26.8481,0.0231604,0.00244731,0.00234573,0.138317,253.354,3.43332,1.6031,106.402,99689.9
86,2024-01-06_18:00:00,31.0416,31.1248,0.0233407,0.00241835,0.00238116,0.137936,250.938,3.58115,1.26667,87.641,99736.7
86,2024-01-06_19:00:00,34.7781,34.8648,0.0235214,0.00234839,0.0023557,0.137516,249.803,2.90272,0.883753,71.6942,99776.7
86,2024-01-06_20:00:00,39.1678,39.2578,0.0238017,0.00224204,0.00231419,0.136944,249.708,2.63341,1.06891,70.0578,99827.1
86,2024-01-06_21:00:00,41.1195,41.209,0.0239785,0.00213704,0.00219507,0.136479,248.388,2.80054,0.998865,60.6199,99866.1
86,2024-01-06_22:00:00,44.931,45.0208,0.0242811,0.00205465,0.00216096,0.135725,247.655,2.52785,1.09335,56.8223,99895.5
86,2024-01-06_23:00:00,47.523,47.611,0.0244667,0.00197408,0.00210357,0.135137,247.094,2.16086,0.855571,55.8277,99941.4
86,2024-01-07_00:00:00,51.1455,51.2328,0.0248761,0.00186961,0.00205442,0.134096,246.677,1.47803,0.655509,73.1965,99995.4
87,2024-01-06_00:00:00,2.12083,10.7255,0.0277884,0.00519891,0.0111969,0.132652,270.075,4.02943,5.43269,0,98837.1
87,2024-01-06_01:00:00,15.0437,23.8888,0.0253575,0.00391136,0.00983889,0.13096,269.835,3.5314,5.17209,472.359,98918.8
87,2024-01-06_02:00:00,15.8774,26.4539,0.0242909,0.00280056,0.00852082,0.130558,269.43,4.28507,5.63864,530.708,98933.8
87,2024-01-06_03:00:00,43.8223,58.9411,0.0241768,0.0027454,0.00797128,0.130291,269.024,6.50367,4.48581,767.971,98995.6
87,2024-01-06_04:00:00,228.274,241.482,0.0237938,0.00241031,0.00666147,0.132327,267.024,7.02736,3.01381,608.101,99113
87,2024-01-06_05:00:00,166.314,176.8,0.0229129,0.00230597,0.00588151,0.134499,264.921,7.54749,3.29394,451.422,99179.2
87,2024-01-06_06:00:00,104.725,111.736,0.0222418,0.00234759,0.00486761,0.136459,263.475,7.52774,3.09734,374.898,99237
87,2024-01-06_07:00:00,63.0306,67.0196,0.0217518,0.00249254,0.00384056,0.13825,262.403,7.75469,3.03788,348.967,99287.4
87,2024-01-06_08:00:00,36.0936,38.1339,0.0219248,0.00259127,0.00309916,0.138954,261.524,7.54628,3.13978,302.6,99343
87,2024-01-06_09:00:00,21.6248,22.6477,0.0223176,0.00272761,0.00270043,0.138849,260.848,6.45343,2.89696,301.646,99435.7
87,2024-01-06_10:00:00,15.0975,15.663,0.0226239,0.00286734,0.0025434,0.138589,260.024,5.80632,2.60646,294.73,99516.4
87,2024-01-06_11:00:00,12.5795,12.9323,0.0228256,0.00284589,0.00250016,0.138306,259.352,5.24541,2.33251,295.219,99603.4
87,2024-01-06_12:00:00,13.0089,13.2179,0.0229411,0.00275388,0.00247917,0.138175,258.533,4.78337,1.95678,290.021,99658
87,2024-01-06_13:00:00,14.9646,15.1319,0.022954,0.00266634,0.00241076,0.138265,257.458,3.96799,1.48021,320.704,99702.4
87,2024-01-06_14:00:00,17.1633,17.2863,0.0229456,0.00259199,0.00232067,0.138451,256.058,3.07464,1.17478,320.651,99752
87,2024-01-06_15:00:00,19.6854,19.7825,0.0229979,0.00251869,0.00224901,0.138511,253.484,2.73911,1.04351,256.054,99803.6
87,2024-01-06_16:00:00,22.7288,22.8121,0.0230838,0.0024607,0.0022215,0.138507,253.277,2.60175,0.94947,276.362,99851.9
87,2024-01-06_17:00:00,26.4699,26.547,0.0231374,0.00244539,0.0022781,0.138472,253.362,2.30865,0.742684,233.605,99916.4
87,2024-01-06_18:00:00,32.0182,32.1002,0.0233977,0.00241882,0.00237056,0.137952,254.393,3.16393,0.95158,125.574,99965.9
87,2024-01-06_19:00:00,37.4849,37.5742,0.0237719,0.00233495,0.00234818,0.137195,251.151,3.02172,0.534562,78.7128,100005
87,2024-01-06_20:00:00,40.9091,40.999,0.0239491,0.00223248,0.00227849,0.136779,249.949,2.29863,0.204068,81.9942,100052
87,2024-01-06_21:00:00,42.6088,42.6989,0.0240928,0.00214067,0.00218485,0.1364,248.837,2.35535,0.275343,68.3615,100091
87,2024-01-06_22:00:00,46.2221,46.311,0.0243175,0.00206822,0.00212874,0.135751,248.254,2.38568,0.302799,63.3662,100118
87,2024-01-06_23:00:00,47.7425,47.8284,0.0243687,0.00199602,0.00203778,0.13533,247.462,1.73104,0.0473334,61.8954,100171
87,2024-01-07_00:00:00,51.2237,51.3096,0.0248374,0.00187609,0.00202435,0.134195,245.772,1.30874,-0.112972,78.4403,100216
88,2024-01-06_00:00:00,1.62668,8.08843,0.0268809,0.0055745,0.0119496,0.132655,270.061,3.83746,5.42869,0,99794.4
88,2024-01-06_01:00:00,17.6706,26.7267,0.0251204,0.00448517,0.0104812,0.131377,269.943,3.25866,6.11703,416.115,99874.7
88,2024-01-06_02:00:00,13.5516,24.3945,0.0237146,0.00331628,0.00961096,0.130335,269.838,4.146,6.36492,444.426,99891.9
88,2024-01-06_03:00:00,57.0787,71.3981,0.0230346,0.00309199,0.00917924,0.130561,269.593,6.55182,4.94286,772.348,99958.7
88,2024-01-06_04:00:00,203.986,215.752,0.0227892,0.0025037,0.00696281,0.132976,267.476,6.90201,3.37773,600.116,100089
88,2024-01-06_05:00:00,154.91,165.278,0.0223813,0.00238809,0.00610025,0.134419,265.632,6.37915,3.13864,490.397,100173
88,2024-01-06_06:00:00,98.4406,105.49,0.0219334,0.00233577,0.00486575,0.136254,264.436,5.80441,2.72825,455.625,100246
88,2024-01-06_07:00:00,57.8069,61.833,0.0213662,0.00248745,0.00376398,0.138272,263.562,5.11361,2.48577,440.743,100331
88,2024-01-06_08:00:00,31.1393,32.1,0.021453,0.00263469,0.00300988,0.139101,262.785,4.65277,2.47095,401.62,100403
88,2024-01-06_09:00:00,18.942,20.0241,0.0219171,0.00276146,0.0026181,0.138941,261.85,3.98928,2.72477,377.133,100477
88,2024-01-06_10:00:00,13.5363,14.1447,0.0222953,0.00289516,0.00241345,0.138581,260.56,3.96429,2.79821,348.148,100550
88,2024-01-06_11:00:00,11.3758,11.751,0.0225048,0.00287623,0.00232715,0.138309,259.288,3.83118,2.70865,302.441,100625
88,2024-01-06_12:00:00,11.6233,11.6915,0.0225927,0.0027899,0.00228321,0.138225,258.275,3.58864,2.53007,271.478,100677
88,2024-01-06_13:00:00,13.6348,13.8143,0.0226244,0.00271665,0.00224298,0.138265,257.307,3.17159,2.2186,263.165,100722
88,2024-01-06_14:00:00,16.6793,16.809,0.0226755,0.00264062,0.00219918,0.138372,256.273,2.78499,2.02347,264.742,100773
88,2024-01-06_15:00:00,19.6394,19.7387,0.0227339,0.0025709,0.00216702,0.138488,255.59,2.59523,1.80013,267.132,100834
88,2024-01-06_16:00:00,24.0527,24.1362,0.0228555,0.00252376,0.00219957,0.138444,255.197,2.42527,1.67134,305.867,100891
88,2024-01-06_17:00:00,29.2263,29.306,0.0230052,0.00249699,0.00229228,0.138236,255.041,2.47268,1.56277,317.923,100954
88,2024-01-06_18:00:00,33.3769,33.4569,0.0231245,0.00245848,0.00229917,0.138022,254.56,2.44549,1.47186,286.461,101008
88,2024-01-06_19:00:00,36.5466,36.6266,0.0232806,0.0023722,0.00222751,0.137768,253.725,2.56333,1.64852,237.196,101052
88,2024-01-06_20:00:00,40.6471,40.7264,0.0234874,0.00230398,0.00217775,0.137247,253.072,2.51988,1.07319,179.894,101102
88,2024-01-06_21:00:00,43.8419,43.8806,0.0236872,0.0022142,0.0020291,0.136661,252.209,2.21783,1.00594,134.741,101148
88,2024-01-06_22:00:00,47.2201,47.3073,0.0240255,0.00211199,0.00190731,0.135819,251.686,2.08874,0.503568,95.6877,101180
88,2024-01-06_23:00:00,50.1236,50.2118,0.0243285,0.00202078,0.00182592,0.135114,251.663,1.8239,-0.0535981,91.5833,101229
88,2024-01-07_00:00:00,52.0817,52.1699,0.0245859,0.0019369,0.00174042,0.134353,251.293,1.64741,-0.42543,87.0915,101284
89,2024-01-06_00:00:00,1.27491,6.12598,0.02643,0.00581675,0.0123588,0.132709,270.049,3.71822,5.32519,0,98623.8
89,2024-01-06_01:00:00,16.6364,21.6307,0.0242936,0.00444566,0.011047,0.131146,269.441,3.60119,5.49549,457.073,98699.1
89,2024-01-06_02:00:00,11.5218,20.5984,0.0233336,0.00327258,0.00976771,0.130749,269.489,4.67288,6.08812,519.481,98706.3
89,2024-01-06_03:00:00,87.2852,99.5151,0.0226626,0.00296924,0.00879417,0.131753,269.153,7.69179,4.94883,773.81,98771.1
89,2024-01-06_04:00:00,158.324,167.484,0.0221436,0.00243466,0.00626458,0.13456,267.276,7.65335,3.12593,619.813,98889.5
89,2024-01-06_05:00:00,102.446,109.879,0.0216062,0.00234958,0.00540404,0.136287,265.256,7.89543,2.9818,488.49,98944.7
89,2024-01-06_06:00:00,58.9613,63.4188,0.0209049,0.00242356,0.00419407,0.138335,263.897,7.65541,2.67835,421.525,99003.6
89,2024-01-06_07:00:00,32.835,35.3126,0.0208061,0.00258414,0.00342055,0.139386,263.031,6.83167,1.92908,391.77,99089.2
89,2024-01-06_08:00:00,15.9905,16.8143,0.0215566,0.00271165,0.00291973,0.139022,262.298,6.37949,1.52742,373.062,99176.8
89,2024-01-06_09:00:00,9.38286,9.92332,0.0224092,0.00283519,0.00272332,0.138062,261.564,6.30264,1.46401,338.56,99252
89,2024-01-06_10:00:00,8.37171,8.69781,0.022844,0.00296861,0.0026879,0.137416,260.67,6.26114,1.50825,302.013,99327.3
89,2024-01-06_11:00:00,10.7487,10.9982,0.0231247,0.00293842,0.00271426,0.136915,259.905,5.96591,1.59753,289.055,99405.6
89,2024-01-06_12:00:00,15.9953,16.1978,0.0232303,0.002857,0.0027389,0.13679,259.206,5.68737,1.5262,279.106,99462.2
89,2024-01-06_13:00:00,22.0202,22.181,0.0232132,0.00279818,0.00273537,0.136982,258.472,5.37926,1.20668,261.712,99502.6
89,2024-01-06_14:00:00,25.9765,26.1046,0.0231246,0.00275362,0.0026927,0.137361,257.571,4.79399,0.802925,259.206,99549
89,2024-01-06_15:00:00,28.6484,28.7546,0.0230704,0.00271046,0.00263572,0.13772,256.855,4.48639,0.49444,261.673,99601.6
89,2024-01-06_16:00:00,31.7441,31.8405,0.0230715,0.00267259,0.00256546,0.137837,256.191,4.19532,0.22313,251.922,99653.6
89,2024-01-06_17:00:00,36.7799,36.8796,0.0234091,0.00257706,0.00249319,0.137255,255.544,3.55025,-0.109702,252.716,99712.5
89,2024-01-06_18:00:00,42.1984,42.3041,0.0238482,0.00244859,0.00239979,0.136419,254.817,3.03954,0.190058,247.382,99763.1
89,2024-01-06_19:00:00,44.5764,44.669,0.0240734,0.00233708,0.00228278,0.135967,253.949,2.91128,0.332832,193.745,99805.4
89,2024-01-06_20:00:00,46.1687,46.2526,0.0241928,0.00224541,0.00216685,0.135653,253.116,2.57674,0.368993,173.897,99850.2
89,2024-01-06_21:00:00,48.5971,48.6538,0.0245341,0.00212244,0.00205355,0.134947,252.391,2.12157,0.642173,121.229,99890.4
89,2024-01-06_22:00:00,49.8848,49.9804,0.0245674,0.0020494,0.00191541,0.134503,251.698,1.7693,0.608428,87.9934,99927.4
89,2024-01-06_23:00:00,52.9725,53.0666,0.0249041,0.00195436,0.00184266,0.133688,251.288,1.82093,0.191843,77.721,99975.7
89,2024-01-07_00:00:00,56.0991,56.1905,0.0253959,0.00184433,0.00178396,0.1326,251.023,1.75798,-0.358416,72.9533,100029
90,2024-01-06_00:00:00,0.807545,3.47877,0.0259106,0.00610384,0.0128292,0.132726,270.026,3.51046,4.9463,0,98943.9
90,2024-01-06_01:00:00,15.7566,18.993,0.0236451,0.00476388,0.0112372,0.131124,269.456,4.23504,6.82137,441.37,99009.2
90,2024-01-06_02:00:00,9.43843,18.2253,0.022794,0.00354451,0.0100475,0.13027,269.375,5.60673,7.48656,503.187,99016.3
90,2024-01-06_03:00:00,44.9934,57.0495,0.0218524,0.00326663,0.00908166,0.130941,268.831,7.82035,5.25481,741.442,99076
90,2024-01-06_04:00:00,113.457,121.583,0.0210178,0.00257546,0.00582181,0.135057,265.568,8.15288,3.26665,485.125,99212.7
90,2024-01-06_05:00:00,86.5476,93.4192,0.0211275,0.002432,0.0051723,0.136221,263.907,8.43976,3.39807,379.838,99280.1
90,2024-01-06_06:00:00,54.4907,58.7857,0.0206614,0.00244759,0.00397827,0.138167,262.68,7.29271,3.24445,349.13,99363.3
90,2024-01-06_07:00:00,29.6074,31.9965,0.020563,0.00255826,0.00319022,0.139399,261.858,7.05371,2.99052,345.908,99430.9
90,2024-01-06_08:00:00,12.3375,13.3757,0.0211601,0.00271279,0.00268034,0.139387,261.151,6.89414,2.73216,312.585,99501.2
90,2024-01-06_09:00:00,6.58624,7.0373,0.0217572,0.00288391,0.00248927,0.138813,260.265,6.82215,2.64729,283.642,99568.6
90,2024-01-06_10:00:00,6.11449,6.38237,0.0221783,0.00305979,0.00246233,0.138205,259.203,6.51159,2.75372,227.97,99639
90,2024-01-06_11:00:00,8.37678,8.59109,0.0224536,0.00305523,0.00248169,0.13768,257.861,5.92427,2.6483,203.665,99719.4
90,2024-01-06_12:00:00,12.7633,12.9448,0.0225343,0.00298323,0.00249511,0.137565,257.564,5.70396,2.67784,232.323,99790.8
90,2024-01-06_13:00:00,17.7656,17.9134,0.022515,0.00292556,0.002478,0.137744,255.244,4.77142,2.21678,155.888,99843.1
90,2024-01-06_14:00:00,21.8028,21.9244,0.0224975,0.00285808,0.00243124,0.137961,254.711,4.61069,2.05855,134.116,99892.8
90,2024-01-06_15:00:00,25.3476,25.4531,0.0225539,0.00278971,0.00236689,0.138074,253.656,4.27248,1.64989,126.843,99951.8
90,2024-01-06_16:00:00,29.4147,29.5132,0.0227011,0.00270839,0.00229435,0.137968,253.377,3.92879,1.21916,123.29,100012
90,2024-01-06_17:00:00,36.7759,36.8812,0.0231468,0.0026041,0.00223728,0.137255,253.8,3.92269,1.11877,120.176,100067
90,2024-01-06_18:00:00,44.2218,44.34,0.0238867,0.00243561,0.00216231,0.135822,252.209,3.42189,0.924804,101.949,100122
90,2024-01-06_19:00:00,45.2576,45.3731,0.0241973,0.00229425,0.00205954,0.135185,250.767,3.27966,1.18635,77.6163,100169
90,2024-01-06_20:00:00,45.1975,45.2989,0.0242956,0.00219742,0.00193977,0.134902,249.436,3.07383,1.71182,67.0797,100213
90,2024-01-06_21:00:00,48.0164,48.1183,0.0244251,0.00212052,0.00183073,0.134517,247.96,3.05675,2.06197,62.282,100261
90,2024-01-06_22:00:00,50.3828,50.48,0.0246066,0.00204313,0.00176498,0.134056,247.245,2.72638,2.10343,60.8068,100306
90,2024-01-06_23:00:00,54.0143,54.1099,0.0251992,0.00191354,0.00175143,0.132823,246.357,2.8111,1.68853,56.9368,100351
90,2024-01-07_00:00:00,56.0991,56.1952,0.0254579,0.00181977,0.00161698,0.132006,245.969,2.73241,0.804789,55.2996,100410
91,2024-01-06_00:00:00,2.21656,11.2011,0.0280336,0.00511902,0.0110065,0.132672,270.081,4.06742,5.40498,0,98403.1
91,2024-01-06_01:00:00,14.833,23.7517,0.025434,0.00386366,0.00978748,0.130929,269.566,3.43222,4.9075,468.668,98486.5
91,2024-01-06_02:00:00,15.5005,25.6725,0.0243663,0.00266915,0.00831985,0.130699,269.203,4.21522,5.34902,545.817,98498.5
91,2024-01-06_03:00:00,43.7999,59.3521,0.0243598,0.0027182,0.00810843,0.130172,268.857,6.83766,4.24518,738.708,98547.3
91,2024-01-06_04:00:00,237.715,251.061,0.0239359,0.00236389,0.00661985,0.132407,266.926,7.94893,2.97572,587.311,98651.3
91,2024-01-06_05:00:00,169.767,180.093,0.0230203,0.00229307,0.00591345,0.134475,264.807,8.36366,3.02909,431.463,98706.7
91,2024-01-06_06:00:00,106.368,113.399,0.0222735,0.00235206,0.0048907,0.136525,263.378,8.38853,2.71883,354.639,98760.2
91,2024-01-06_07:00:00,63.2726,67.209,0.0217761,0.00247207,0.00384919,0.138323,262.238,8.37957,2.68174,318.463,98812.7
91,2024-01-06_08:00:00,36.4486,38.4608,0.0219736,0.00258539,0.00311225,0.138953,261.448,7.54563,2.66065,310.236,98895.3
91,2024-01-06_09:00:00,21.9638,22.9737,0.0224192,0.00272591,0.00273459,0.138747,260.728,6.70263,2.39033,297.3,98984
91,2024-01-06_10:00:00,15.4708,16.0346,0.0227559,0.00285306,0.00257908,0.138433,259.984,5.82367,2.03335,288.964,99073.1
91,2024-01-06_11:00:00,13.084,13.4428,0.0229419,0.00282545,0.00252131,0.138192,259.357,5.3499,1.87785,290.041,99154.4
91,2024-01-06_12:00:00,13.4409,13.6768,0.0230439,0.00273679,0.00249865,0.138099,258.584,4.88024,1.60988,279.763,99206.9
91,2024-01-06_13:00:00,15.9416,16.1084,0.0231018,0.00265223,0.00245213,0.138117,257.583,4.05061,1.11857,278.313,99250.1
91,2024-01-06_14:00:00,18.7868,18.9104,0.0231166,0.00257287,0.00237429,0.138275,256.596,3.37752,0.882975,271.236,99296.1
91,2024-01-06_15:00:00,21.5077,21.6053,0.0231536,0.00250089,0.00229694,0.138375,254.369,2.92046,0.75991,170.63,99342.7
91,2024-01-06_16:00:00,24.6607,24.7454,0.0232328,0.00244383,0.00224543,0.13833,255.413,3.186,0.593626,154.804,99389.3
91,2024-01-06_17:00:00,28.0771,28.1563,0.0232862,0.0024362,0.00228134,0.138252,255.211,3.42629,-0.0318876,143.823,99449.9
91,2024-01-06_18:00:00,33.8861,33.9716,0.0236498,0.00239926,0.00239263,0.137516,254.694,4.04352,-0.146928,126.242,99495
91,2024-01-06_19:00:00,38.8129,38.9056,0.0240455,0.00230297,0.00236402,0.136696,250.799,3.14662,-0.292794,82.8751,99533.2
91,2024-01-06_20:00:00,43.0523,43.1488,0.0243383,0.00219272,0.00231769,0.136038,250.287,2.43324,-0.38639,81.505,99579.8
91,2024-01-06_21:00:00,44.2305,44.3256,0.0244402,0.00210341,0.00223727,0.135751,249.145,2.71025,-0.219618,70.2136,99613.7
91,2024-01-06_22:00:00,47.0907,47.1824,0.0244826,0.00204387,0.0021378,0.135466,247.953,2.55865,-0.073975,68.0404,99644.7
91,2024-01-06_23:00:00,50.2125,50.3025,0.0246711,0.00196754,0.00209171,0.13485,247.589,2.35676,-0.367993,63.4494,99688.9
91,2024-01-07_00:00:00,53.9808,54.0688,0.0251983,0.00184446,0.00212467,0.133657,246.949,1.73745,-0.480449,59.3561,99738.8
92,2024-01-06_00:00:00,1.92352,9.46134,0.0279189,0.00529656,0.0112803,0.132811,270.057,4.01115,5.25469,0,98741.4
92,2024-01-06_01:00:00,15.2894,22.4164,0.025103,0.00381727,0.00953073,0.130842,269.679,4.63677,6.8055,457.539,98797.3
92,2024-01-06_02:00:00,14.1716,24.4074,0.0240681,0.00294406,0.00875408,0.130593,269.215,5.77594,7.37205,500.794,98793.1
92,2024-01-06_03:00:00,38.6371,52.4452,0.0240554,0.00266783,0.00813758,0.130536,268.699,8.61376,6.47287,729.042,98841.6
92,2024-01-06_04:00:00,208.795,221.218,0.0234645,0.00245837,0.00712198,0.132435,266.82,8.81806,4.01661,557.598,98962
92,2024-01-06_05:00:00,162.745,173.284,0.0226979,0.00231752,0.00612982,0.134508,264.67,8.89538,4.14983,407.097,99036.3
92,2024-01-06_06:00:00,103.819,111.012,0.022127,0.00234736,0.0050628,0.136303,263.287,8.7511,4.25674,348.262,99095.6
92,2024-01-06_07:00:00,64.7725,69.0739,0.0215889,0.00249714,0.00403478,0.13813,262.25,7.39851,3.73091,344.348,99195.7
92,2024-01-06_08:00:00,37.3491,39.645,0.0217051,0.00265428,0.00322702,0.138923,261.521,5.27853,3.23746,414.062,99318.4
92,2024-01-06_09:00:00,22.3109,23.4954,0.0220644,0.00278667,0.00276302,0.138957,260.797,4.57987,2.92091,394.355,99388.9
92,2024-01-06_10:00:00,15.3571,16.0092,0.0224015,0.00288599,0.00255049,0.138705,259.845,4.88551,3.18376,387.686,99436.5
92,2024-01-06_11:00:00,12.3819,12.7814,0.0226196,0.00285086,0.00247412,0.138419,259.054,4.7881,3.20031,309.882,99516.6
92,2024-01-06_12:00:00,12.0496,12.3158,0.0227563,0.00276285,0.0024508,0.13823,258.234,4.60299,3.1256,297.284,99574.3
92,2024-01-06_13:00:00,13.9215,14.1085,0.0227947,0.00268439,0.00240952,0.138236,257.19,4.35507,2.89303,290.108,99613.4
92,2024-01-06_14:00:00,17.0056,17.1435,0.0228581,0.00261153,0.00237758,0.138316,256.105,4.15576,2.93599,206.811,99655.3
92,2024-01-06_15:00:00,20.1093,20.2163,0.0229288,0.00254642,0.00236496,0.138399,255.266,4.14209,3.07251,162.917,99707.3
92,2024-01-06_16:00:00,23.0087,23.098,0.0229848,0.00249366,0.0023586,0.13844,254.459,4.05125,2.82354,127.101,99762.1
92,2024-01-06_17:00:00,26.3217,26.4042,0.0230746,0.00246019,0.00235894,0.138349,253.482,3.70379,2.14997,110.882,99812
92,2024-01-06_18:00:00,30.9356,31.0195,0.0232377,0.00242715,0.00235781,0.137987,251.532,3.65659,1.82315,92.7925,99858.9
92,2024-01-06_19:00:00,35.0476,35.1349,0.0234186,0.0023614,0.00231261,0.137567,249.781,3.24211,1.70138,64.2115,99903.8
92,2024-01-06_20:00:00,40.0261,40.1176,0.0237828,0.00224737,0.00228007,0.13686,249.689,3.22965,1.57209,63.9161,99951.9
92,2024-01-06_21:00:00,42.9806,43.0731,0.024169,0.0021209,0.00219809,0.136047,247.919,3.37489,1.68979,58.6974,99990.4
92,2024-01-06_22:00:00,47.2259,47.318,0.0244851,0.00203681,0.00220934,0.135278,247.793,3.31353,1.52832,57.4837,100021
92,2024-01-06_23:00:00,51.8657,51.9595,0.0249947,0.00192299,0.00215186,0.134071,246.637,2.85236,1.41576,57.1801,100073
92,2024-01-07_00:00:00,58.5833,58.6739,0.0257875,0.00178699,0.00216774,0.132467,246.856,2.65709,1.12988,57.3859,100121
93,2024-01-06_00:00:00,0.838421,3.67046,0.0258162,0.00613968,0.0128782,0.132768,270.033,3.55916,5.08197,0,98548.8
93,2024-01-06_01:00:00,16.3041,19.8154,0.0236451,0.00471923,0.01144,0.131111,269.546,3.77344,5.49276,455.162,98630.1
93,2024-01-06_02:00:00,10.2858,19.4245,0.0227699,0.0035056,0.0102149,0.130284,269.219,4.88106,5.96529,543.264,98635.2
93,2024-01-06_03:00:00,59.8824,72.0188,0.022007,0.00322085,0.00918408,0.131187,268.552,7.47077,5.18285,714.408,98697.8
93,2024-01-06_04:00:00,121.305,129.677,0.0212475,0.00256226,0.00599742,0.134834,265.344,7.44489,2.86264,484.083,98825.2
93,2024-01-06_05:00:00,91.6188,98.6713,0.0213303,0.00239583,0.00522097,0.13609,263.708,8.05043,3.66699,355.402,98863.2
93,2024-01-06_06:00:00,56.7681,61.1774,0.0208033,0.00241862,0.00404381,0.13809,262.419,7.55613,3.45942,327.986,98943.1
93,2024-01-06_07:00:00,30.7931,33.2264,0.0206517,0.00256869,0.00323246,0.139394,261.608,6.71519,2.97832,337.236,99028.8
93,2024-01-06_08:00:00,13.2662,14.3337,0.0211986,0.00270156,0.00271327,0.139442,260.821,6.30462,2.63249,301.081,99100.9
93,2024-01-06_09:00:00,7.32524,7.80471,0.0217262,0.00287964,0.00251278,0.13897,259.899,5.82273,2.46209,236.926,99167.3
93,2024-01-06_10:00:00,6.4719,6.75504,0.0221095,0.0030611,0.00248444,0.138393,258.653,5.6533,2.40394,235.095,99234.1
93,2024-01-06_11:00:00,8.36642,8.58451,0.0223558,0.00306031,0.00249893,0.137914,257.197,5.2666,2.36326,154.661,99304.8
93,2024-01-06_12:00:00,12.3535,12.5329,0.0224415,0.00298967,0.00251672,0.137807,256.212,5.03843,2.23047,141.43,99366.4
93,2024-01-06_13:00:00,16.8654,17.0087,0.0224156,0.0029291,0.00249633,0.137996,254.707,4.43666,1.92815,127.162,99415.2
93,2024-01-06_14:00:00,20.5851,20.7001,0.0223914,0.00286291,0.00244311,0.138245,252.596,4.02961,1.76222,114.015,99467.9
93,2024-01-06_15:00:00,23.7444,23.8423,0.0224591,0.00279418,0.00237969,0.138386,251.172,3.90862,1.63984,104.02,99529.6
93,2024-01-06_16:00:00,28.0011,28.093,0.0226458,0.00271061,0.0023122,0.138209,252.235,3.60901,1.1408,95.4416,99587.2
93,2024-01-06_17:00:00,34.6137,34.7124,0.0230433,0.00260234,0.00226291,0.137549,251.902,3.42981,0.775908,90.2632,99640.8
93,2024-01-06_18:00:00,40.5944,40.7021,0.0236531,0.0024526,0.00217848,0.136349,250.987,3.13072,0.866622,82.0018,99693.6
93,2024-01-06_19:00:00,41.4964,41.6006,0.0238479,0.0023361,0.00208465,0.135937,249.3,3.12445,1.09996,62.5515,99741.2
93,2024-01-06_20:00:00,42.7772,42.8626,0.0238208,0.00226461,0.0019394,0.135892,248.13,2.66747,1.56305,56.5738,99785.4
93,2024-01-06_21:00:00,45.9466,46.0409,0.0240606,0.00216932,0.00183751,0.135299,247.232,2.52771,1.75328,54.1406,99828.1
93,2024-01-06_22:00:00,49.1797,49.2726,0.0244271,0.00206712,0.0017823,0.134495,246.304,2.28156,1.63294,54.0012,99868.9
93,2024-01-06_23:00:00,52.386,52.4773,0.0250308,0.00193622,0.00176303,0.133209,245.903,2.40541,1.2463,54.1477,99913.4
93,2024-01-07_00:00:00,54.8997,54.9882,0.0254228,0.0018236,0.00171646,0.132188,246.11,2.35471,0.67171,54.0449,99971.1
94,2024-01-06_00:00:00,1.46567,6.89716,0.0274355,0.00559562,0.0118375,0.132923,270.034,3.87982,5.11048,0,98608.9
94,2024-01-06_01:00:00,16.2867,22.4416,0.0247467,0.00416675,0.00984057,0.131049,269.522,4.11345,5.40438,459.518,98689.7
94,2024-01-06_02:00:00,10.8939,19.1127,0.0238251,0.00327074,0.00940708,0.130696,268.748,5.44718,5.85099,475.199,98683.7
94,2024-01-06_03:00:00,39.9111,53.1666,0.0232073,0.00297582,0.00899529,0.13139,268.764,8.16736,5.91786,732.386,98738.2
94,2024-01-06_04:00:00,181.424,191.885,0.0225565,0.00248056,0.00680428,0.140116,266.587,8.69702,3.65464,568.77,98868.3
94,2024-01-06_05:00:00,133.891,142.968,0.0219961,0.00239108,0.00594499,0.140952,264.668,8.51668,3.6545,440.122,98932.8
94,2024-01-06_06:00:00,75.6852,81.3187,0.0212935,0.00239845,0.00456625,0.14268,263.301,9.14386,3.88554,357.792,98964.9
94,2024-01-06_07:00:00,40.8401,43.8868,0.0208289,0.00257452,0.00360694,0.143983,262.256,9.00815,3.48981,320.785,99035.7
94,2024-01-06_08:00:00,20.5753,21.0535,0.0213954,0.00273088,0.00301796,0.144431,261.619,7.9867,3.01275,340.255,99135.4
94,2024-01-06_09:00:00,11.3465,12.0586,0.0222608,0.00282799,0.00273255,0.145272,260.697,6.92086,2.82583,285.533,99212.8
94,2024-01-06_10:00:00,9.16898,9.58868,0.0227583,0.00292673,0.00261602,0.146787,259.434,5.77535,2.86187,263.095,99285.9
94,2024-01-06_11:00:00,9.84903,10.1689,0.0228828,0.00289221,0.00253377,0.146726,258.57,5.11559,2.98381,231.96,99357.4
94,2024-01-06_12:00:00,12.0351,12.2812,0.022901,0.0028071,0.00248809,0.147052,257.463,4.74587,2.85507,206.945,99416.2
94,2024-01-06_13:00:00,15.9501,16.1245,0.0228953,0.00274056,0.00248446,0.148987,256.253,4.51704,2.70223,195.781,99462.5
94,2024-01-06_14:00:00,20.7867,20.9291,0.022897,0.0026883,0.00249618,0.150941,254.733,4.2089,2.54371,151.882,99510
94,2024-01-06_15:00:00,23.5151,23.6283,0.0228369,0.00263492,0.00246257,0.152562,252.922,3.74043,2.25984,146.103,99570.2
94,2024-01-06_16:00:00,26.9075,27.0046,0.0229019,0.00259202,0.00246035,0.154046,252.084,3.67542,1.88545,133.756,99623.6
94,2024-01-06_17:00:00,32.2706,32.3647,0.0230667,0.00257361,0.00247962,0.152718,252.25,4.07765,1.39691,103.986,99674.1
94,2024-01-06_18:00:00,38.2648,38.3663,0.0235259,0.00246923,0.002436,0.151555,250.338,4.19684,1.10634,83.0868,99727.6
94,2024-01-06_19:00:00,43.4807,43.5795,0.0239749,0.00233476,0.00236484,0.153646,249.247,3.64898,1.11716,63.2166,99773
94,2024-01-06_20:00:00,43.6286,43.7072,0.0239379,0.00224721,0.00227676,0.160761,249.049,3.26652,1.60872,59.6929,99823.5
94,2024-01-06_21:00:00,44.4046,44.4236,0.0240122,0.00216466,0.0021762,0.166616,248.795,3.33767,1.70367,55.635,99862.1
94,2024-01-06_22:00:00,50.1294,50.2076,0.0249964,0.00197338,0.00214315,0.167692,247.557,3.4829,1.36658,56.0882,99897.3
94,2024-01-06_23:00:00,55.3474,55.441,0.0260794,0.00176596,0.00217294,0.150357,246.898,3.25444,0.838864,57.6007,99949
94,2024-01-07_00:00:00,55.5074,55.5923,0.0265591,0.00164122,0.00212356,0.133954,246.674,2.80962,0.354608,58.5688,100002
95,2024-01-06_00:00:00,2.32572,12.0915,0.0275737,0.00510474,0.0111865,0.132469,270.092,4.08606,5.57804,0,99750.4
95,2024-01-06_01:00:00,14.1379,25.4869,0.0254125,0.00402591,0.0100123,0.131052,270.286,2.96287,4.62497,474.564,99837.6
95,2024-01-06_02:00:00,18.3487,30.0776,0.0242813,0.00279306,0.00858577,0.130385,270.252,3.79709,5.36209,561.411,99853.5
95,2024-01-06_03:00:00,50.0106,66.1859,0.0241317,0.00280263,0.00810921,0.130178,269.833,5.87513,4.23691,805.31,99925.5
95,2024-01-06_04:00:00,249.767,263.694,0.0239726,0.00234192,0.00642199,0.13229,267.95,7.25531,3.24561,640.518,100043
95,2024-01-06_05:00:00,181.13,192.065,0.0231712,0.00230207,0.00592183,0.134064,266.14,7.44519,3.47069,505.936,100116
95,2024-01-06_06:00:00,111.17,118.318,0.0224346,0.00231051,0.00483018,0.13636,264.781,7.73774,3.04552,460.242,100190
95,2024-01-06_07:00:00,63.5552,67.3443,0.0219483,0.00241564,0.00371586,0.138316,263.768,7.56407,3.0819,401.081,100260
95,2024-01-06_08:00:00,35.8923,37.7484,0.0221121,0.00253835,0.00301505,0.138983,263.018,7.38035,3.01774,380.854,100331
95,2024-01-06_09:00:00,22.2526,23.1967,0.0225152,0.00268176,0.00268957,0.138799,262.248,7.09448,2.88691,366.7,100397
95,2024-01-06_10:00:00,16.4584,17.0152,0.0228108,0.00282681,0.00252963,0.138545,261.487,6.2385,2.69974,349.399,100490
95,2024-01-06_11:00:00,13.895,14.258,0.0229387,0.00279941,0.00245827,0.138431,260.718,6.04235,2.555,328.8,100567
95,2024-01-06_12:00:00,13.2212,13.4569,0.0229993,0.00271939,0.00243652,0.138445,260.033,5.95537,2.31068,306.843,100621
95,2024-01-06_13:00:00,14.6213,14.7826,0.0230341,0.00263498,0.00237742,0.138555,259.229,5.79369,2.12761,275.973,100659
95,2024-01-06_14:00:00,16.6986,16.8155,0.0230811,0.00255388,0.00231926,0.138685,258.372,5.5539,1.95856,258.459,100701
95,2024-01-06_15:00:00,19.3647,19.4564,0.0231676,0.00247481,0.00225717,0.138711,257.699,5.01819,1.79403,252.505,100756
95,2024-01-06_16:00:00,22.6424,22.7214,0.0232471,0.00241646,0.00221457,0.138686,257.121,4.31204,1.41794,257.921,100811
95,2024-01-06_17:00:00,26.9298,27.0049,0.0233256,0.00238717,0.00222026,0.138511,256.577,3.41722,0.759912,275.029,100872
95,2024-01-06_18:00:00,33.0011,33.0803,0.0235844,0.00237235,0.00230643,0.137976,256.148,3.23461,0.432689,273.728,100929
95,2024-01-06_19:00:00,37.6611,37.7459,0.0238934,0.00231178,0.00228038,0.137308,255.82,3.52597,0.431428,252.84,100971
95,2024-01-06_20:00:00,42.1289,42.2165,0.0240913,0.00223149,0.00221951,0.136809,255.326,3.14036,0.406023,220.786,101016
95,2024-01-06_21:00:00,41.7964,41.8783,0.0238566,0.00216341,0.00204342,0.137024,254.642,2.91828,0.379124,196.262,101060
95,2024-01-06_22:00:00,44.4697,44.5525,0.0239823,0.00209215,0.00196452,0.13659,253.977,2.52708,0.615024,159.701,101095
95,2024-01-06_23:00:00,48.0483,48.1311,0.0242556,0.00202294,0.00191707,0.135858,253.59,2.48169,0.334147,148.821,101138
95,2024-01-07_00:00:00,52.2583,52.3421,0.0246167,0.00193057,0.00185702,0.134801,253.21,2.04181,-0.0886137,142.617,101192
96,2024-01-06_00:00:00,0.882785,4.04009,0.0255504,0.00614673,0.0129452,0.132657,270.042,3.5815,5.18497,0,98814.1
96,2024-01-06_01:00:00,17.1528,20.9572,0.0235841,0.00483199,0.0114563,0.13116,269.556,3.63943,5.25123,460.308,98884.6
96,2024-01-06_02:00:00,11.2505,21.2775,0.0227937,0.00363238,0.010433,0.130032,268.915,4.52699,5.76878,491.161,98894.7
96,2024-01-06_03:00:00,70.9735,82.9678,0.0220021,0.00320959,0.00902488,0.131354,268.395,6.95748,4.51646,668.102,98952.1
96,2024-01-06_04:00:00,125.588,134.13,0.0213974,0.00254329,0.00604474,0.134717,265.282,6.44373,2.22131,503.482,99091.6
96,2024-01-06_05:00:00,93.4579,100.584,0.0214329,0.00237875,0.00519216,0.136022,263.868,6.63628,2.42351,411.035,99166.1
96,2024-01-06_06:00:00,56.6183,61.0028,0.0208629,0.00241906,0.00401686,0.138102,262.665,7.87596,2.84145,373.352,99204.5
96,2024-01-06_07:00:00,29.8705,32.2092,0.0207188,0.00255074,0.00320328,0.139435,261.703,8.14791,2.76409,324.799,99253.8
96,2024-01-06_08:00:00,13.0954,14.1148,0.0212437,0.00267849,0.00270176,0.139499,260.974,7.44513,2.33305,291.235,99334.7
96,2024-01-06_09:00:00,7.49204,7.95609,0.0217208,0.00287649,0.00250846,0.139057,259.967,5.46219,1.85399,247.381,99434
96,2024-01-06_10:00:00,6.67281,6.95278,0.0220698,0.00306569,0.00246108,0.1385,256.258,3.53204,1.4968,222.911,99530
96,2024-01-06_11:00:00,8.47022,8.68542,0.0223139,0.00306455,0.0024646,0.138039,255.069,3.05056,1.50829,249.893,99615.5
96,2024-01-06_12:00:00,12.0048,12.1789,0.0223744,0.00299142,0.00246866,0.137969,253.313,2.87389,1.40971,230.051,99678
96,2024-01-06_13:00:00,15.8022,15.9398,0.0223292,0.00292638,0.0024436,0.138181,253.08,2.73616,1.28973,147.184,99719.8
96,2024-01-06_14:00:00,19.0623,19.1706,0.0222756,0.0028624,0.00239738,0.138482,251.32,3.04779,1.26994,132.099,99759.3
96,2024-01-06_15:00:00,21.9449,22.0343,0.0222934,0.00280009,0.00232634,0.138706,251.054,3.48915,1.12713,112.571,99811.6
96,2024-01-06_16:00:00,26.1936,26.2759,0.0224376,0.00272351,0.00226495,0.138636,250.506,3.63088,0.680479,91.9147,99868.3
96,2024-01-06_17:00:00,33.2693,33.3596,0.0228828,0.00262495,0.00224598,0.137931,251.356,3.46989,0.222193,78.6583,99926.1
96,2024-01-06_18:00:00,37.4635,37.557,0.0232695,0.0025001,0.00213546,0.137157,249.518,2.98402,0.421726,67.4193,99980.3
96,2024-01-06_19:00:00,37.8609,37.9026,0.0231658,0.00242765,0.00199591,0.137295,248.775,2.15039,1.1064,56.4769,100028
96,2024-01-06_20:00:00,41.7238,41.81,0.0233948,0.002333,0.00186056,0.136771,247.687,2.53847,1.12176,53.697,100076
96,2024-01-06_21:00:00,45.0083,45.0959,0.0236704,0.00223232,0.0017614,0.136058,246.977,2.5189,1.28658,52.6641,100114
96,2024-01-06_22:00:00,48.1415,48.229,0.0239633,0.00214346,0.00169032,0.135382,245.844,2.07218,1.1593,52.9585,100159
96,2024-01-06_23:00:00,49.5568,49.642,0.0241777,0.0020583,0.00159845,0.134706,245.275,2.02055,0.885021,69.9908,100206
96,2024-01-07_00:00:00,54.1438,54.2297,0.0248513,0.00191354,0.00159767,0.133231,245.684,1.90398,0.237219,72.5942,100257
97,2024-01-06_00:00:00,1.50307,7.38138,0.0267804,0.00565027,0.0120675,0.13269,270.056,3.79958,5.38574,0,99001.6
97,2024-01-06_01:00:00,17.6681,25.8388,0.0249219,0.00449125,0.0105905,0.131361,269.453,3.79247,5.49305,428.694,99093.8
97,2024-01-06_02:00:00,12.6614,23.0103,0.0236594,0.00331329,0.0097491,0.13045,269.194,4.94168,6.19391,460.011,99104.8
97,2024-01-06_03:00:00,61.2105,75.1985,0.0228782,0.00312165,0.00928435,0.130723,268.805,7.35979,4.9173,756.168,99171.4
97,2024-01-06_04:00:00,188.988,199.783,0.022555,0.00247964,0.00678406,0.133562,266.796,7.46007,3.00213,595.772,99302
97,2024-01-06_05:00:00,134.618,143.896,0.0220668,0.00239065,0.00594987,0.135081,264.906,7.46736,2.78281,460.468,99364.8
97,2024-01-06_06:00:00,78.3843,84.1345,0.0214103,0.00238545,0.00458156,0.137324,263.668,7.79991,2.60182,417.501,99406
97,2024-01-06_07:00:00,43.1062,46.2333,0.0210057,0.0025511,0.00360791,0.138992,262.731,7.77729,2.42004,374.319,99457.5
97,2024-01-06_08:00:00,21.7513,22.4025,0.0214547,0.00269292,0.00299282,0.139102,261.94,7.05403,1.97269,330.837,99533.5
97,2024-01-06_09:00:00,12.5586,13.2984,0.0222576,0.00280822,0.00271669,0.138219,261.069,6.07813,1.74377,316.103,99618.4
97,2024-01-06_10:00:00,10.0489,10.4824,0.0227319,0.00292948,0.00260984,0.137643,259.912,5.38663,1.56101,310.008,99707.8
97,2024-01-06_11:00:00,10.5148,10.8212,0.0228726,0.00290199,0.00255199,0.137441,258.932,4.7619,1.53349,341.065,99789.4
97,2024-01-06_12:00:00,13.1087,13.3055,0.0229099,0.00282108,0.00253582,0.137454,257.964,4.29628,1.32297,337.653,99847.3
97,2024-01-06_13:00:00,17.7337,17.9024,0.0229221,0.00276366,0.00255455,0.137569,256.709,3.85251,0.976458,332.282,99891.3
97,2024-01-06_14:00:00,22.0433,22.1718,0.0229159,0.00270815,0.00254534,0.137849,253.383,3.38937,0.881963,211.67,99936.5
97,2024-01-06_15:00:00,25.053,25.1569,0.0229144,0.00265441,0.00251836,0.138064,252.165,3.24622,0.827822,209.474,99993.9
97,2024-01-06_16:00:00,28.9083,29.0008,0.0230314,0.00261791,0.00252227,0.137987,251.926,3.11368,0.445537,145.995,100048
97,2024-01-06_17:00:00,32.8441,32.9314,0.0230674,0.00260082,0.00248406,0.138068,251.526,3.09226,0.0412061,107.99,100103
97,2024-01-06_18:00:00,38.1639,38.2567,0.0233731,0.00250206,0.00243107,0.137471,250.438,2.99649,0.0519296,80.0675,100159
97,2024-01-06_19:00:00,40.8651,40.9598,0.0236076,0.00237691,0.00232608,0.137031,249.362,2.83586,0.400829,73.9764,100199
97,2024-01-06_20:00:00,41.4005,41.4691,0.0235586,0.00230786,0.00220369,0.136983,248.345,2.61805,0.227159,67.3018,100251
97,2024-01-06_21:00:00,44.722,44.7522,0.0237768,0.00221306,0.00206187,0.136397,248.637,2.29375,0.417904,62.3186,100292
97,2024-01-06_22:00:00,48.4686,48.5625,0.0242285,0.00208933,0.00195996,0.135564,247.158,2.21149,0.0497719,58.1539,100327
97,2024-01-06_23:00:00,52.4898,52.5843,0.024761,0.00196648,0.00191733,0.134383,247.36,2.44367,-0.561951,55.7676,100371
97,2024-01-07_00:00:00,56.2008,56.2916,0.0253015,0.00185149,0.00188752,0.133121,246.003,2.28923,-0.911584,55.1995,100425
98,2024-01-06_00:00:00,1.0757,4.6674,0.0271677,0.00583099,0.0122576,0.133062,270.034,3.76598,4.84934,0,97998
98,2024-01-06_01:00:00,15.8835,20.8975,0.0244372,0.00431232,0.0101487,0.133851,269.325,3.99281,5.16947,449.128,98077.4
98,2024-01-06_02:00:00,9.95272,15.9145,0.0234183,0.00327768,0.00904306,0.132193,269.172,4.77127,5.67619,483.761,98079
98,2024-01-06_03:00:00,40.2823,52.0393,0.0228795,0.00295108,0.00868374,0.131183,268.702,6.69543,4.62243,705.944,98121
98,2024-01-06_04:00:00,122.034,130.028,0.0214982,0.00247222,0.00592027,0.134933,266.471,7.93721,1.78129,565.269,98246.2
98,2024-01-06_05:00:00,98.1679,105.418,0.02149,0.00233438,0.00534518,0.136213,264.068,8.04439,2.74176,392.097,98279.2
98,2024-01-06_06:00:00,57.5973,62.0711,0.0207852,0.00239635,0.00416759,0.138208,262.528,7.74107,2.71948,328.507,98345.9
98,2024-01-06_07:00:00,35.0195,37.7499,0.0206397,0.00254783,0.00345296,0.139245,261.505,7.08003,2.44604,314.507,98419.5
98,2024-01-06_08:00:00,16.9811,18.3247,0.0212535,0.00268765,0.0029002,0.139111,260.744,6.81063,2.18675,290.136,98490
98,2024-01-06_09:00:00,8.77486,9.37682,0.0219704,0.00283923,0.00262402,0.138492,259.96,5.42919,1.94379,266.839,98587.6
98,2024-01-06_10:00:00,6.92914,7.26076,0.0223681,0.00300214,0.00256084,0.137952,259.069,5.13507,1.80904,229.296,98677
98,2024-01-06_11:00:00,8.28577,8.52819,0.0227041,0.00298662,0.00259318,0.137354,258.393,5.55984,1.89707,210.956,98738.7
98,2024-01-06_12:00:00,12.7446,12.9492,0.0229252,0.00289858,0.00263267,0.13697,257.709,5.34926,1.72357,204.642,98795.2
98,2024-01-06_13:00:00,18.1587,18.3257,0.0228897,0.00284135,0.00263759,0.137131,256.858,4.9566,1.42591,195.741,98843.7
98,2024-01-06_14:00:00,22.5985,22.7345,0.0228441,0.00278704,0.00259925,0.137405,256.019,4.89254,1.26654,158.54,98884.3
98,2024-01-06_15:00:00,26.2846,26.4006,0.022898,0.00271885,0.00255854,0.137532,255.35,4.97204,1.12968,142.654,98937.6
98,2024-01-06_16:00:00,31.19,31.3016,0.0232505,0.00261997,0.00252409,0.137069,254.769,5.1205,0.803098,137.48,98990.9
98,2024-01-06_17:00:00,37.5948,37.7141,0.0238153,0.00249654,0.00247763,0.136119,254.103,4.71102,0.139624,134.503,99040.9
98,2024-01-06_18:00:00,42.9556,43.0826,0.0243831,0.00234325,0.00239656,0.135024,253.308,4.03575,0.0970979,121.805,99091.3
98,2024-01-06_19:00:00,45.4749,45.5925,0.0247476,0.00220873,0.00229645,0.134265,250.36,3.13547,0.450089,81.9866,99135.7
98,2024-01-06_20:00:00,46.1283,46.2306,0.0250326,0.00208191,0.00222526,0.133686,249.769,3.0281,0.72811,60.8042,99182.6
98,2024-01-06_21:00:00,48.38,48.4752,0.0254625,0.00194749,0.00217024,0.132796,250.862,3.24384,0.945548,67.8725,99220.5
98,2024-01-06_22:00:00,51.1092,51.1935,0.0258165,0.00183943,0.00211925,0.132003,248.253,3.10714,0.732993,59.4803,99256.6
98,2024-01-06_23:00:00,52.5311,52.6199,0.0262264,0.00172855,0.00210473,0.131174,247.813,2.98582,0.41,57.2601,99309.9
98,2024-01-07_00:00:00,53.7417,53.8231,0.0268411,0.00159149,0.00210928,0.1298,247.008,3.03001,-0.20016,54.9228,99363.3
99,2024-01-06_00:00:00,1.95354,10.4198,0.0263323,0.00542002,0.0120316,0.132278,270.138,4.03242,5.63879,0,99501
99,2024-01-06_01:00:00,14.893,19.3925,0.0247937,0.00444033,0.0110893,0.131198,269.409,3.78393,5.6109,421.6,99587.8
99,2024-01-06_02:00:00,16.1973,17.9332,0.0237222,0.00312683,0.00928493,0.130222,269.016,4.79525,6.28998,459.566,99596.3
99,2024-01-06_03:00:00,96.5625,111.732,0.0232836,0.00309037,0.0090047,0.1307,268.376,6.98376,4.29507,691.181,99665.4
99,2024-01-06_04:00:00,231.006,243.911,0.0232784,0.00248314,0.00702372,0.132665,265.532,6.84922,3.10271,497.941,99793.6
99,2024-01-06_05:00:00,160.45,171.158,0.0227965,0.00234476,0.00602965,0.134278,263.637,6.61209,3.64241,352.402,99855.4
99,2024-01-06_06:00:00,103.56,110.513,0.0222966,0.00227289,0.0048607,0.136217,262.547,7.05356,3.71226,293.968,99906.8
99,2024-01-06_07:00:00,61.4052,65.2651,0.0218665,0.00227306,0.00372881,0.138106,261.451,6.14064,3.38931,250.706,99988
99,2024-01-06_08:00:00,34.4344,36.3472,0.0219592,0.00243795,0.00294479,0.138981,260.471,5.52594,3.3046,229.8,100067
99,2024-01-06_09:00:00,20.6495,21.5943,0.0222289,0.00263754,0.002576,0.139017,259.505,5.38303,3.19905,209.823,100143
99,2024-01-06_10:00:00,14.5861,15.1162,0.0225027,0.00284719,0.00242931,0.138751,257.227,4.73093,2.82464,177.792,100227
99,2024-01-06_11:00:00,12.189,12.5239,0.0226824,0.00285273,0.00235962,0.138515,255.491,4.05292,2.58731,152.478,100310
99,2024-01-06_12:00:00,11.9989,12.2261,0.0227272,0.00276398,0.00228447,0.138499,253.555,3.52226,2.43114,136.404,100370
99,2024-01-06_13:00:00,12.8279,12.9862,0.0227372,0.00266708,0.00218903,0.138611,250.888,3.08667,2.46005,125.441,100415
99,2024-01-06_14:00:00,13.6893,13.8061,0.0227592,0.0025594,0.00208832,0.138795,249.922,2.34362,2.45484,118.962,100457
99,2024-01-06_15:00:00,15.2731,15.3623,0.0228378,0.00246082,0.00202649,0.138904,248.903,2.00814,2.22725,111.634,100510
99,2024-01-06_16:00:00,18.846,18.9191,0.0229462,0.00241748,0.00203415,0.138923,248.671,2.48615,2.13777,98.4636,100564
99,2024-01-06_17:00:00,24.5164,24.5843,0.0230795,0.00239891,0.00209261,0.138767,249.056,3.26425,1.79995,88.0029,100622
99,2024-01-06_18:00:00,27.4882,27.554,0.0231145,0.00235522,0.00203651,0.138692,248.789,2.32408,1.71925,80.3973,100686
99,2024-01-06_19:00:00,31.7682,31.8345,0.0232391,0.00228774,0.00199221,0.138413,249.123,2.30371,1.98728,69.107,100726
99,2024-01-06_20:00:00,41.8779,41.956,0.0238299,0.00226263,0.00217442,0.137091,249.441,3.10586,1.19246,57.791,100766
99,2024-01-06_21:00:00,47.8625,47.9459,0.0241989,0.00218995,0.00218023,0.136141,248.564,3.33856,0.399126,56.4218,100806
99,2024-01-06_22:00:00,51.1639,51.2479,0.0245509,0.00209379,0.00211272,0.13532,247.518,2.96022,0.241671,56.3538,100844
99,2024-01-06_23:00:00,55.9039,55.9885,0.0252158,0.00195906,0.00211438,0.133888,246.659,2.68755,-0.578609,55.8122,100898
99,2024-01-07_00:00:00,60.5599,60.6389,0.0255488,0.00186199,0.00201553,0.133002,246.067,2.52276,-1.15596,54.879,100947
100,2024-01-06_00:00:00,1.588,7.86506,0.0268476,0.00559974,0.0119888,0.132667,270.06,3.82463,5.41488,0,99743.7
100,2024-01-06_01:00:00,17.7615,26.5591,0.0250445,0.00449336,0.0105043,0.131377,269.799,3.58037,6.01956,418.878,99824.2
100,2024-01-06_02:00:00,13.2303,23.934,0.0236785,0.00333037,0.00971461,0.130352,269.258,4.44941,6.28643,447.761,99839.8
100,2024-01-06_03:00:00,56.4865,70.8033,0.0229536,0.00311713,0.00921766,0.130558,269.09,7.10678,5.11712,752.878,99907.2
100,2024-01-06_04:00:00,199.857,211.417,0.0227143,0.00250088,0.00686548,0.133044,266.685,6.96502,3.38165,579.937,100043
100,2024-01-06_05:00:00,151.604,161.785,0.0222984,0.00238997,0.00603707,0.134504,265.019,6.71612,3.20059,453.46,100125
100,2024-01-06_06:00:00,93.7272,100.482,0.0217959,0.00236045,0.00476507,0.136483,263.98,6.62408,2.8632,440.877,100194
100,2024-01-06_07:00:00,53.2391,56.9925,0.0212375,0.00250454,0.00369489,0.138481,263.205,6.28725,2.69289,424.265,100264
100,2024-01-06_08:00:00,27.9606,28.6123,0.0214373,0.00266148,0.00299813,0.139125,262.371,5.76132,2.6006,400.994,100332
100,2024-01-06_09:00:00,17.0362,18.0256,0.0220029,0.00277867,0.00263964,0.13876,261.276,4.7387,2.65359,342.547,100408
100,2024-01-06_10:00:00,12.6094,13.1768,0.0224073,0.00290389,0.00245658,0.138334,258.833,3.82298,2.33243,333.382,100486
100,2024-01-06_11:00:00,11.1571,11.5183,0.022579,0.00288142,0.00236795,0.13812,257.77,3.52733,2.28845,321.406,100563
100,2024-01-06_12:00:00,11.8934,11.9807,0.0226474,0.00279636,0.00232732,0.138082,255.728,3.14146,2.0702,327.689,100618
100,2024-01-06_13:00:00,14.6864,14.8637,0.0226902,0.00272916,0.00230459,0.13811,253.909,2.91312,1.87504,316.031,100665
100,2024-01-06_14:00:00,17.9895,18.119,0.0227274,0.00265713,0.00226343,0.138223,252.09,2.5498,1.8022,319.842,100715
100,2024-01-06_15:00:00,21.2154,21.316,0.0227811,0.00259134,0.00224182,0.138368,251.247,2.3925,1.68852,327.523,100777
100,2024-01-06_16:00:00,25.8342,25.9212,0.0229215,0.00255357,0.00230724,0.138287,251.668,2.26725,1.38509,209.821,100837
100,2024-01-06_17:00:00,31.045,31.1288,0.0230633,0.00253465,0.00238337,0.138079,251.799,2.32788,0.932553,192.471,100898
100,2024-01-06_18:00:00,35.4472,35.5329,0.0232514,0.00247391,0.00235666,0.137768,250.99,2.28818,0.901044,171.414,100953
100,2024-01-06_19:00:00,37.9235,38.0085,0.0234119,0.00237182,0.00226133,0.13746,249.839,2.27278,1.28133,97.6755,100995
100,2024-01-06_20:00:00,40.8725,40.9489,0.0235271,0.00230429,0.00218469,0.137109,249.466,2.18735,0.866794,88.8916,101048
100,2024-01-06_21:00:00,43.9941,44.0248,0.0237025,0.00221397,0.00203456,0.136629,248.416,1.96156,0.887204,80.3471,101093
100,2024-01-06_22:00:00,47.2817,47.3711,0.0240374,0.00211065,0.00191905,0.13577,247.705,1.90246,0.389845,70.1668,101127
100,2024-01-06_23:00:00,50.1077,50.1978,0.0243273,0.00202019,0.00183456,0.135071,247.469,1.83518,-0.171393,67.9845,101175
100,2024-01-07_00:00:00,52.7026,52.7924,0.0246569,0.00192981,0.00176286,0.134064,247.079,1.76568,-0.458893,101.687,101231
